target_ttm,date,exdate,calendar_ttm,rf_days,rf_annualized,rf_gross
30,19960117,19960216,30,29,0.056800655,1.00452312735247
30,19960214,19960315,30,29,0.0537951133333333,1.00428327942304
30,19960320,19960419,30,29,0.0546638375,1.00435259937557
30,19960417,19960517,30,29,0.0551695008571429,1.00439295104891
30,19960522,19960621,30,29,0.0548978975,1.00437127704051
30,19960619,19960719,30,29,0.0549249354285714,1.00437343465227
30,19960717,19960816,30,29,0.0551686966666667,1.00439288687364
30,19960821,19960920,30,29,0.0545920025,1.00434686711138
30,19960918,19961018,30,29,0.0552694551428571,1.00440092754091
30,19961016,19961115,30,29,0.054324555,1.00432552571702
30,19961120,19961220,30,29,0.0544037025,1.00433184136915
30,19961218,19970117,30,29,0.0565294065714286,1.00450147886171
30,19970122,19970221,30,29,0.0549141221428571,1.00437257175748
30,19970219,19970321,30,29,0.0543733739285714,1.00432942126645
30,19970319,19970418,30,29,0.055678142,1.00443354198355
30,19970416,19970516,30,29,0.057431305,1.00457346168965
30,19970521,19970620,30,29,0.0574379367857143,1.00457399100859
30,19970618,19970718,30,29,0.0574270997142857,1.00457312604304
30,19970716,19970815,30,29,0.0573307966666667,1.00456543960627
30,19970820,19970919,30,29,0.0568911710714286,1.00453035159523
30,19970917,19971017,30,29,0.057168434,1.00455248074798
30,19971022,19971121,30,29,0.05719509,1.00455460826579
30,19971119,19971219,30,29,0.0574375017142857,1.00457395628317
30,19971217,19980116,30,29,0.0597593383333333,1.00475929184695
30,19980121,19980220,30,29,0.0567389728571429,1.00451820442472
30,19980218,19980320,30,29,0.0568463546428571,1.00452677471278
30,19980318,19980417,30,29,0.0573089082857143,1.0045636925913
30,19980415,19980515,30,29,0.0571623633333333,1.00455199622537
30,19980520,19980619,30,29,0.0570374875,1.00454202946999
30,19980617,19980717,30,29,0.057098356,1.00454688757497
30,19980722,19980821,30,29,0.0570966217857143,1.00454674916159
30,19980819,19980918,30,29,0.0570935545714286,1.00454650435711
30,19980916,19981016,30,29,0.0566084883333333,1.00450779037375
30,19981021,19981120,30,29,0.0528392814285714,1.00420701422583
30,19981118,19981218,30,29,0.0510915302857143,1.00406757729158
30,19981216,19990115,30,29,0.0552263566666667,1.00439748821437
30,19990120,19990219,30,29,0.0500231478571429,1.0039823504526
30,19990217,19990319,30,29,0.0499111211428571,1.00397341429381
30,19990317,19990416,30,29,0.04978107,1.00396304046026
30,19990421,19990521,30,29,0.0496204032142857,1.00395022464637
30,19990519,19990618,30,29,0.0497844168571429,1.0039633074288
30,19990616,19990716,30,29,0.050524605,1.00402235171386
30,19990721,19990820,30,29,0.0521585857142857,1.00415270549466
30,19990818,19990917,30,29,0.0533183771428571,1.00424524023289
30,19990915,19991015,30,29,0.054391235,1.00433084651017
30,19991020,19991119,30,29,0.0547587521428571,1.00436017339119
30,19991117,19991217,30,29,0.056574102,1.00450504599708
30,19991222,20000121,30,29,0.0635510435714286,1.00506202999668
30,20000119,20000218,30,29,0.0584528617857143,1.00465500098842
30,20000216,20000317,30,29,0.0593925628571429,1.0047300125175
30,20000321,20000420,30,29,0.06184898,1.00492612218761
30,20000419,20000519,30,29,0.0621321925714286,1.00494873510949
30,20000517,20000616,30,29,0.06674496,1.00531711014043
30,20000621,20000721,30,29,0.0671416775,1.0053487982558
30,20000719,20000818,30,29,0.0669949422857143,1.00533707755133
30,20000816,20000915,30,29,0.06685686,1.00532604813785
30,20000920,20001020,30,29,0.0668753621428572,1.00532752600167
30,20001018,20001117,30,29,0.0668946105714286,1.00532906347758
30,20001115,20001215,30,29,0.066884505,1.00532825629074
30,20001220,20010119,30,29,0.067123798,1.0053473700955
30,20010117,20010216,30,29,0.0598885933333333,1.00476961035118
30,20010214,20010316,30,29,0.0563517376190476,1.00448729925484
30,20010321,20010420,30,29,0.0511594196428571,1.00407299319542
30,20010418,20010518,30,29,0.0510624385714286,1.004065256496
30,20010516,20010615,30,29,0.0413515466666667,1.00329086840845
30,20010620,20010720,30,29,0.0390361364285714,1.00310631588173
30,20010718,20010817,30,29,0.038724706,1.00308149553931
30,20010822,20010921,30,29,0.0362041260714286,1.00288063328176
30,20010919,20011019,30,29,0.0278282945714286,1.00221346128165
30,20011017,20011116,30,29,0.0254431916666667,1.00202355849511
30,20011121,20011221,30,29,0.0212695660714286,1.00169133943278
30,20011219,20020118,30,29,0.0193568322857143,1.00153912333579
30,20020116,20020215,30,29,0.0176448133333333,1.00140289982036
30,20020213,20020315,30,29,0.0187152933333333,1.00148807459726
30,20020320,20020419,30,29,0.0193666567857143,1.00153990511421
30,20020417,20020517,30,29,0.018811022,1.00149569178356
30,20020522,20020621,30,29,0.0186012532142857,1.00147900043355
30,20020619,20020719,30,29,0.0185876762857143,1.00147792012385
30,20020717,20020816,30,29,0.018599475,1.00147885894183
30,20020821,20020920,30,29,0.018328665,1.00145731094295
30,20020918,20021018,30,29,0.0184286708571429,1.00146526822472
30,20021016,20021115,30,29,0.0184415416666667,1.00146629233591
30,20021120,20021220,30,29,0.0138560746428571,1.00110149980756
30,20021218,20030117,30,29,0.0141640125714286,1.00112599335799
30,20030122,20030221,30,29,0.013695695,1.00108874336081
30,20030219,20030321,30,29,0.01355245,1.00107734992495
30,20030318,20030417,30,29,0.01301161,1.00103433370522
30,20030416,20030516,30,29,0.0134506433333333,1.00106925249442
30,20030521,20030620,30,29,0.0133046192857143,1.00105763824579
30,20030618,20030718,30,29,0.0114330517142857,1.00090879215284
30,20030716,20030815,30,29,0.011158515,1.00088696006185
30,20030820,20030919,30,29,0.0112016532142857,1.00089039052747
30,20030917,20031017,30,29,0.01128948,1.00089737478359
30,20031022,20031121,30,29,0.0112832353571429,1.00089687818878
30,20031119,20031219,30,29,0.0112809102857143,1.00089669329141
30,20031217,20040116,30,29,0.011523125,1.00091595518988
30,20040121,20040220,30,29,0.0110951675,1.00088192252133
30,20040218,20040319,30,29,0.0110222268571429,1.0008761221432
30,20040317,20040416,30,29,0.0110155633333333,1.00087559224883
30,20040421,20040521,30,29,0.0111439239285714,1.00088579974367
30,20040519,20040618,30,29,0.0111886614285714,1.00088935738485
30,20040616,20040716,30,29,0.012729339375,1.00101188377881
30,20040721,20040820,30,29,0.0144303267857143,1.00114717661878
30,20040818,20040917,30,29,0.0162077902857143,1.00128857173794
30,20040915,20041015,30,29,0.0180848075,1.0014379079161
30,20041020,20041119,30,29,0.0192789914285714,1.00153292922001
30,20041117,20041217,30,29,0.0215782742857143,1.00171590872038
30,20041222,20050121,30,29,0.0245474703571429,1.00195225012359
30,20050119,20050218,30,29,0.0252039942857143,1.00200451549548
30,20050216,20050318,30,29,0.0262982077142857,1.00209163105509
30,20050316,20050415,30,29,0.0286569894117647,1.00227945069954
30,20050420,20050520,30,29,0.0303275392857143,1.00241249069692
30,20050518,20050617,30,29,0.0313087988571429,1.00249064491792
30,20050615,20050715,30,29,0.0327380725,1.00260449294427
30,20050720,20050819,30,29,0.034695688,1.0027604467401
30,20050817,20050916,30,29,0.03631287,1.00288929813623
30,20050921,20051021,30,29,0.0387908760714286,1.00308676910181
30,20051019,20051118,30,29,0.0404155422857143,1.00321625897782
30,20051116,20051216,30,29,0.04186414125,1.00333172995963
30,20051221,20060120,30,29,0.0443006053571429,1.00352597580324
30,20060118,20060217,30,29,0.0453049057142857,1.00360605407583
30,20060215,20060317,30,29,0.0463039091428571,1.00368571633533
30,20060322,20060421,30,29,0.0486932485714286,1.00387627203805
30,20060419,20060519,30,29,0.049797676,1.00396436507071
30,20060517,20060616,30,29,0.0513881135294118,1.00409123756747
30,20060621,20060721,30,29,0.0536607167857143,1.00427255566122
30,20060719,20060818,30,29,0.0544414174285714,1.00433485088272
30,20060816,20060915,30,29,0.0539107394117647,1.00429250554426
30,20060920,20061020,30,29,0.0539272253571429,1.00429382100987
30,20061018,20061117,30,29,0.0538196094285714,1.00428523402644
30,20061115,20061215,30,29,0.05381423125,1.00428480488808
30,20061220,20070119,30,29,0.0541370688571429,1.00431056523543
30,20070117,20070216,30,29,0.0538132170588235,1.00428472396324
30,20070214,20070316,30,29,0.0540536892857143,1.00430391202308
30,20070321,20070420,30,29,0.0538285207142857,1.00428594508068
30,20070418,20070518,30,29,0.0538311725714286,1.00428615667923
30,20070516,20070615,30,29,0.0538234347058823,1.00428553925502
30,20070620,20070720,30,29,0.0538343710714286,1.00428641189589
30,20070718,20070817,30,29,0.0538319825714286,1.00428622131124
30,20070822,20070921,30,29,0.0555039260714286,1.00441963889801
30,20070919,20071019,30,29,0.0519445048571429,1.00413562584187
30,20071017,20071116,30,29,0.0507251411764706,1.00403834894075
30,20071121,20071221,30,29,0.048380605,1.00385133588632
30,20071219,20080118,30,29,0.0501384897142857,1.00399155113716
30,20080116,20080215,30,29,0.0406960347058824,1.00323861660266
30,20080219,20080320,30,29,0.03149888,1.00250578498418
30,20080319,20080418,30,29,0.026382006,1.00209830294925
30,20080416,20080516,30,29,0.02767446,1.00220121182975
30,20080521,20080620,30,29,0.0243089289285714,1.00193326069666
30,20080618,20080718,30,29,0.0253897177142857,1.00201930129144
30,20080716,20080815,30,29,0.0248599970588235,1.00197712979721
30,20080820,20080919,30,29,0.0250441503571429,1.00199179019051
30,20080917,20081017,30,29,0.0319513582857143,1.00254182604537
30,20081022,20081121,30,29,0.0317381271428571,1.00252484147406
30,20081119,20081219,30,29,0.0140621837142857,1.00111789376896
30,20081217,20090116,30,29,0.00599527352941177,1.00047645026736
30,20090121,20090220,30,29,0.00366388928571429,1.00029114590703
30,20090218,20090320,30,29,0.00491774392857143,1.00039080120298
30,20090318,20090417,30,29,0.00550303171428571,1.00043732277503
30,20090415,20090515,30,29,0.004515044375,1.00035879390422
30,20090520,20090619,30,29,0.00316536035714286,1.0002515260119
30,20090617,20090717,30,29,0.00321191657142857,1.00025522593603
30,20090722,20090821,30,29,0.00290687035714286,1.00023098349548
30,20090819,20090918,30,29,0.00274648428571429,1.00021823763033
30,20090916,20091016,30,29,0.002471169375,1.00019635876045
30,20091021,20091120,30,29,0.00247348892857143,1.00019654308995
30,20091118,20091218,30,29,0.00239115885714286,1.00019000053236
30,20091216,20100115,30,29,0.00234535176470588,1.00018636037986
30,20100120,20100219,30,29,0.00232367607142857,1.00018463788203
30,20100217,20100319,30,29,0.00232690228571429,1.00018489425874
30,20100317,20100416,30,29,0.00240601529411765,1.00019118113177
30,20100421,20100521,30,29,0.00265247535714286,1.00021076682562
30,20100519,20100618,30,29,0.00347073457142857,1.0002757950178
30,20100616,20100716,30,29,0.003526256875,1.00028020760527
30,20100721,20100820,30,29,0.00335727535714286,1.00026677800456
30,20100818,20100917,30,29,0.00270358942857143,1.00021482880782
30,20100915,20101015,30,29,0.00260536,1.00020702263171
30,20101020,20101119,30,29,0.00260045071428571,1.0002066324982
30,20101117,20101217,30,29,0.00257536428571429,1.00020463892003
30,20101222,20110121,30,29,0.00264718392857143,1.00021034632223
30,20110119,20110218,30,29,0.00263957035714286,1.00020974128128
30,20110216,20110318,30,29,0.00267703857142857,1.00021271883671
30,20110316,20110415,30,29,0.00256061294117647,1.00020346665624
30,20110420,20110520,30,29,0.00214454,1.00017040262647
30,20110518,20110617,30,29,0.001962246,1.00015591663045
30,20110615,20110715,30,29,0.00186794,1.00014842268479
30,20110720,20110819,30,29,0.00188132942857143,1.00014948666086
30,20110817,20110916,30,29,0.00212865647058824,1.00016914043317
30,20110921,20111021,30,29,0.00236060571428571,1.00018757256409
30,20111019,20111118,30,29,0.00245015742857143,1.00019468899171
30,20111116,20111216,30,29,0.002526123125,1.00020072581568
30,20111221,20120120,30,29,0.00293571642857143,1.00023327590714
30,20120118,20120217,30,29,0.00280480085714286,1.00022287202367
30,20120215,20120316,30,29,0.00249341,1.00019812617234
30,20120321,20120420,30,29,0.00244521071428571,1.00019429588866
30,20120418,20120518,30,29,0.00243197742857143,1.00019324427318
30,20120516,20120615,30,29,0.00239911823529412,1.00019063304166
30,20120620,20120720,30,29,0.00249238535714286,1.00019804474624
30,20120718,20120817,30,29,0.00248450571428571,1.00019741856863
30,20120822,20120921,30,29,0.00237942928571429,1.00018906841717
30,20120919,20121019,30,29,0.00221185771428571,1.0001757520829
30,20121017,20121116,30,29,0.00212682176470588,1.00016899463737
30,20121121,20121221,30,29,0.0021062975,1.00016736366812
30,20121219,20130118,30,29,0.00213040514285714,1.00016927939228
30,20130116,20130215,30,29,0.0020688,1.00016438392051
30,20130213,20130315,30,29,0.00205506428571429,1.00016329241099
30,20130320,20130419,30,29,0.00206038642857143,1.00016371533531
30,20130417,20130517,30,29,0.00201217771428571,1.00015988443417
30,20130522,20130621,30,29,0.00195588642857143,1.00015541127078
30,20130619,20130719,30,29,0.00192934457142857,1.00015330214018
30,20130717,20130816,30,29,0.00191711117647059,1.00015233002328
30,20130821,20130920,30,29,0.00185114,1.00014708769305
30,20130918,20131018,30,29,0.00182406628571429,1.00014493631673
30,20131016,20131115,30,29,0.00177342882352941,1.00014091249129
30,20131120,20131220,30,29,0.00170522392857143,1.00013549272332
30,20131218,20140117,30,29,0.00170886914285714,1.00013578238237
30,20140122,20140221,30,29,0.00164021678571429,1.00013032708577
30,20140219,20140321,30,29,0.00158093285714286,1.00012561625305
30,20140318,20140417,30,29,0.00155922,1.00012389090672
30,20140416,20140516,30,29,0.0015283247826087,1.00012143591712
30,20140521,20140620,30,29,0.00148179178571429,1.00011773833277
30,20140618,20140718,30,29,0.00153832371428571,1.00012223044957
30,20140716,20140815,30,29,0.00154857833333333,1.00012304530005
30,20140820,20140919,30,29,0.00154345285714286,1.00012263802041
30,20140917,20141017,30,29,0.00153826171428571,1.00012222552294
30,20141022,20141121,30,29,0.00152336928571429,1.00012104214497
30,20141119,20141219,30,29,0.00155586,1.00012362391478
30,20141217,20150116,30,29,0.00163509916666667,1.00012992042751
30,20150121,20150220,30,29,0.00166928428571429,1.00013263686203
30,20150218,20150320,30,29,0.00177780535714286,1.00014126026494
30,20150318,20150417,30,29,0.00175762428571429,1.00013965661213
30,20150415,20150515,30,29,0.00181278608695652,1.00014403995227
30,20150520,20150619,30,29,0.00184446785714286,1.00014655749975
30,20150617,20150717,30,29,0.00188166114285714,1.00014951302018
30,20150722,20150821,30,29,0.00187057321428571,1.00014863193015
30,20150819,20150918,30,29,0.00201348914285714,1.00015998864653
30,20150916,20151016,30,29,0.00213625,1.00016974385691
30,20151021,20151120,30,29,0.00195295928571429,1.00015517866714
30,20151118,20151218,30,29,0.00208962485714286,1.00016603877156
30,20151216,20160115,30,29,0.00363247166666667,1.000288648989
30,20160120,20160219,30,29,0.00429978,1.00034168471709
30,20160217,20160318,30,29,0.00437623142857143,1.00034776103411
30,20160316,20160415,30,29,0.004425615,1.00035168603252
30,20160420,20160520,30,29,0.00447692821428571,1.00035576441495
30,20160518,20160617,30,29,0.00444593342857143,1.00035330094246
30,20160615,20160715,30,29,0.0045058847826087,1.00035806589494
30,20160720,20160819,30,29,0.00492133028571429,1.00039108625782
30,20160817,20160916,30,29,0.00515011,1.00040927055027
30,20160921,20161021,30,29,0.00552129928571429,1.0004387748069
30,20161019,20161118,30,29,0.00529218228571429,1.00042056316885
30,20161116,20161216,30,29,0.00557845652173913,1.00044331806966
30,20161221,20170120,30,29,0.0076395325,1.00060716080234
30,20170118,20170217,30,29,0.00785554214285714,1.00062433378003
30,20170215,20170317,30,29,0.007881804,1.00062642164343
30,20170322,20170421,30,29,0.00995972,1.00079163339562
30,20170419,20170519,30,29,0.01003821,1.00079787454364
30,20170517,20170616,30,29,0.0101220125,1.00080453815912
30,20170621,20170721,30,29,0.012314575,1.00097889709499
30,20170719,20170818,30,29,0.0124197531428571,1.00098726192978
30,20170816,20170915,30,29,0.0124215508333333,1.000987404901
30,20170920,20171020,30,29,0.0125113275,1.00099454491021
30,20171018,20171117,30,29,0.012541188,1.00099691975064
30,20171115,20171215,30,29,0.0128015060869565,1.00101762339075
30,20171220,20180119,30,29,0.0154801965714286,1.00123069010453
30,20180117,20180216,30,29,0.0157041575,1.0012485063181
30,20180214,20180316,30,29,0.0161301042857143,1.00128239149122
30,20180321,20180420,30,29,0.0187767160714286,1.00149296203399
30,20180418,20180518,30,29,0.019159832,1.0015234472905
30,20180516,20180615,30,29,0.01944779,1.00154636126215
30,20180620,20180720,30,29,0.0210619567857143,1.00167481668609
30,20180718,20180817,30,29,0.0210170085714286,1.00167123948334
30,20180822,20180921,30,29,0.0208358871428571,1.00165682506747
30,20180919,20181019,30,29,0.0219695974285714,1.00174705398239
30,20181017,20181116,30,29,0.0230536841666667,1.00183334109619
30,20181121,20181221,30,29,0.0234502053571429,1.00186490377508
30,20181219,20190118,30,29,0.0250222237142857,1.00199004460527
30,20190116,20190215,30,29,0.02536682,1.00201747834899
30,20190213,20190315,30,29,0.0252438914285714,1.00200769176462
30,20190319,20190418,30,29,0.02512486,1.00199821553052
30,20190417,20190517,30,29,0.0251476128571429,1.00200002690571
30,20190522,20190621,30,29,0.0246487025,1.00196030895991
30,20190619,20190719,30,29,0.0240958491428571,1.00191629848405
30,20190717,20190816,30,29,0.0233374316666667,1.00185592700414
30,20190821,20190920,30,29,0.0218934696428571,1.00174099492464
30,20190918,20191018,30,29,0.0206632908571429,1.00164308931184
30,20191016,20191115,30,29,0.0189991091666667,1.00151065815874
30,20191120,20191220,30,29,0.0173012157142857,1.00137556235814
30,20191218,20200117,30,29,0.017665638,1.00140455670547
30,20200122,20200221,30,29,0.0166968421428571,1.00132747873774
30,20200219,20200320,30,29,0.0165901935714286,1.00131899407723
30,20200318,20200417,30,29,0.00786779028571429,1.00062530752818
30,20200415,20200515,30,29,0.00737266043478261,1.00058594461937
30,20200520,20200619,30,29,0.00166271178571429,1.00013211459427
30,20200617,20200717,30,29,0.00188995257142857,1.00015017188993
30,20200722,20200821,30,29,0.00173910785714286,1.00013818523946
30,20200819,20200918,30,29,0.00164444428571429,1.00013066301316
30,20200916,20201016,30,29,0.00149986173913043,1.00011917419776
30,20201021,20201120,30,29,0.00146530535714286,1.00011642829877
30,20201118,20201218,30,29,0.0014640725,1.00011633033434
30,20201216,20210115,30,29,0.00155235833333333,1.00012334566581
30,20210120,20210219,30,29,0.00128615740740741,1.00010219307016
30,20210217,20210319,30,29,0.00112605628571429,1.00008947148805
30,20210317,20210416,30,29,0.00109959833333333,1.0000873691635
30,20210421,20210521,30,29,0.00111459142857143,1.00008856050051
30,20210519,20210618,30,29,0.000947566,1.00007528889982
30,20210616,20210716,30,29,0.000828223043478261,1.00006580618776
30,20210721,20210820,30,29,0.000907129642857143,1.00007207591143
30,20210818,20210917,30,29,0.000910771142857143,1.00007236525699
30,20210915,20211015,30,29,0.000848322608695652,1.00006740324589
30,20211020,20211119,30,29,0.000879141071428572,1.00006985200412
30,20211117,20211217,30,29,0.000934134166666667,1.00007422163328
30,20211222,20220121,30,29,0.0056894015,1.00045213682278
30,20220119,20220218,30,29,0.004968756,1.00039485580901
30,20220216,20220318,30,29,0.0046824405,1.00037209873074
30,20220315,20220414,30,29,0.0046955385,1.00037313978153
30,20220420,20220520,30,29,0.0056617095,1.00044993564411
30,20220518,20220617,30,29,0.0086977285,1.00069129123309
30,20220615,20220715,30,29,0.011038929,1.00087745032628
30,20220720,20220819,30,29,0.017845651,1.00141887929917
30,20220817,20220916,30,29,0.024199144,1.00192452123348
30,20220921,20221021,30,29,0.0284024005,1.00225917718457
30,20221019,20221118,30,29,0.032253918,1.00256592642897
30,20221116,20221216,30,29,0.0348752105,1.00277474964705
30,20221221,20230120,30,29,0.0404124515,1.00321601261876
30,20230118,20230217,30,29,0.041088989,1.00326993923066
30,20230215,20230317,30,29,0.0414257315,1.00329678196015
30,20230322,20230421,30,29,0.043306958,1.00344675323987
30,20230419,20230519,30,29,0.0453432785,1.00360911387129
30,20230517,20230616,30,29,0.04657993,1.00370772783028
30,20230621,20230721,30,29,0.0478303405,1.00380744882145
30,20230719,20230818,30,29,0.048797889,1.00388461819674
30,20230816,20230915,30,29,0.0504394425,1.00401555818464
30,20230920,20231020,30,29,0.051276969,1.00408237081705
30,20231018,20231117,30,29,0.051869483,1.00412964056802
30,20231115,20231215,30,29,0.051829623,1.00412646053575
30,20231220,20240119,30,29,0.05315608,1.00423229073319
30,20240117,20240216,30,29,0.0538349715,1.00428645980566
30,20240214,20240315,30,29,0.0529114635,1.00421277338352
30,20240320,20240419,30,29,0.0530348645,1.00422261919878
30,20240417,20240517,30,29,0.0524877995,1.00417897117103
30,20240522,20240621,30,29,0.0531501375,1.00423181659122
30,20240618,20240719,31,30,0.05472122,1.00450776405932
30,20240717,20240816,30,29,0.0532599575,1.0042405789785
30,20240821,20240920,30,29,0.052902999,1.00421209802865
30,20240918,20241018,30,29,0.052515025,1.00418114333492
30,20241016,20241115,30,29,0.0491893235,1.00391583977028
30,20241120,20241220,30,29,0.048817164,1.00388615558533
30,20241218,20250117,30,29,0.0489011585,1.0038928550777
30,20250122,20250221,30,29,0.0457146995,1.00363873097547
30,20250219,20250321,30,29,0.0443054325,1.00352636068204
30,20250318,20250417,30,29,0.0444915785,1.00354120262774
30,20250416,20250516,30,29,0.04427664,1.00352406499439
30,20250521,20250620,30,29,0.045454506,1.00361798305856
30,20250618,20250718,30,29,0.04449295,1.00354131198212
30,20250716,20250815,30,29,0.045818501,1.00364700826157
30,20250820,20250919,30,29,0.047244928,1.0037607605883
60,19960117,19960315,58,57,0.0560627114285714,1.00879343586312
60,19960214,19960419,65,64,0.0530308528571429,1.00934192642401
60,19960320,19960517,58,57,0.0547006088571429,1.00857887630668
60,19960417,19960621,65,64,0.0552491032142857,1.0097345898451
60,19960522,19960719,58,57,0.0552239111428571,1.00866130192934
60,19960619,19960816,58,57,0.0560109274285714,1.00878527796877
60,19960717,19960920,65,64,0.0564998496428571,1.00995605797481
60,19960821,19961018,58,57,0.0553772822857143,1.00868546077643
60,19960918,19961115,58,57,0.0566096791428571,1.00887960752708
60,19961016,19961220,65,64,0.0554195692857143,1.00976477120377
60,19961120,19970117,58,57,0.0549662102857143,1.00862071048783
60,19961218,19970221,65,64,0.0561935628571429,1.00990181966013
60,19970122,19970321,58,57,0.0556835010714286,1.00873369774048
60,19970219,19970418,58,57,0.0549586974285714,1.00861952713365
60,19970319,19970516,58,57,0.056606118,1.00887904646539
60,19970416,19970620,65,64,0.0586343014285714,1.01033411490998
60,19970521,19970718,58,57,0.05821125,1.00913196827393
60,19970618,19970815,58,57,0.0579067317142857,1.00908398023467
60,19970716,19970919,65,64,0.0577584210714286,1.01017896069972
60,19970820,19971017,58,57,0.05738305,1.00900146028505
60,19970917,19971121,65,64,0.0576524292857143,1.01016018683855
60,19971022,19971219,58,57,0.0583083805714286,1.00914727524259
60,19971119,19980116,58,57,0.0582083897142857,1.00913151752026
60,19971217,19980220,65,64,0.0595731653571429,1.01050045254739
60,19980121,19980320,58,57,0.0565948417857143,1.00887726988841
60,19980218,19980417,58,57,0.0568203937142857,1.0089128063778
60,19980318,19980515,58,57,0.0572044202857143,1.00897331397728
60,19980415,19980619,65,64,0.0573355975,1.01010406989109
60,19980520,19980717,58,57,0.0573743348571429,1.00900008704013
60,19980617,19980821,65,64,0.0573667225,1.01010958258369
60,19980722,19980918,58,57,0.0573027691428571,1.00898881050237
60,19980819,19981016,58,57,0.0571774025714286,1.00896905692132
60,19980916,19981120,65,64,0.0555048967857143,1.00977987894699
60,19981021,19981218,58,57,0.0518908622857143,1.00813642678257
60,19981118,19990115,58,57,0.0515515782857143,1.00808301301985
60,19981216,19990219,65,64,0.0532478492857143,1.00938033129153
60,19990120,19990319,58,57,0.0501680794285714,1.00786523693893
60,19990217,19990416,58,57,0.0502891531428571,1.00788429323223
60,19990317,19990521,65,64,0.0503208460714286,1.0088624219965
60,19990421,19990618,58,57,0.0500683622857143,1.00784954231542
60,19990519,19990716,58,57,0.0506069688571429,1.00793431727798
60,19990616,19990820,65,64,0.0520575960714286,1.00916969364579
60,19990721,19990917,58,57,0.0529924945714286,1.00830987718488
60,19990818,19991015,58,57,0.0545948171428571,1.00856221381573
60,19990915,19991119,65,64,0.0570725871428571,1.01005748811244
60,19991020,19991217,58,57,0.0587635425714286,1.00921900807428
60,19991117,20000121,65,64,0.0584406528571429,1.0102998097814
60,19991222,20000218,58,57,0.0618558310714286,1.00970648300244
60,20000119,20000317,58,57,0.0602126208571429,1.00944741454414
60,20000216,20000420,64,63,0.06141226,1.0106563025522
60,20000321,20000519,59,58,0.062992224,1.01005998811811
60,20000419,20000616,58,57,0.0636162645714286,1.00998410665205
60,20000517,20000721,65,64,0.0684523838095238,1.01207493013921
60,20000621,20000818,58,57,0.0681663345714286,1.01070201485219
60,20000719,20000915,58,57,0.0678070062857143,1.01064530162732
60,20000816,20001020,65,64,0.0670721021978022,1.01183001539803
60,20000920,20001117,58,57,0.0676840177142857,1.010625890921
60,20001018,20001215,58,57,0.0673084665714286,1.0105666217621
60,20001115,20010119,65,64,0.0673994297142857,1.01188809045526
60,20001220,20010216,58,57,0.065318302,1.01025259370976
60,20010117,20010316,58,57,0.0582537421428571,1.00913866465299
60,20010214,20010420,65,64,0.0547110196428571,1.0096393269911
60,20010321,20010518,58,57,0.0494051674285714,1.00774516734758
60,20010418,20010615,58,57,0.0477639985714286,1.00748692329367
60,20010516,20010720,65,64,0.0408186207142857,1.00718291184542
60,20010620,20010817,58,57,0.0381636537142857,1.0059775984193
60,20010718,20010921,65,64,0.0376371896428571,1.00662122164261
60,20010822,20011019,58,57,0.0355899755555556,1.00557336029905
60,20010919,20011116,58,57,0.0270707425714286,1.00423643424976
60,20011017,20011221,65,64,0.0244757857142857,1.00430086691338
60,20011121,20020118,58,57,0.0212897117142857,1.00333022763358
60,20011219,20020215,58,57,0.0193182562857143,1.0030213787762
60,20020116,20020315,58,57,0.0177522614285714,1.00277611725947
60,20020213,20020419,65,64,0.0192618517857143,1.00338313049844
60,20020320,20020517,58,57,0.020636422,1.00322787251754
60,20020417,20020621,65,64,0.0197541928571429,1.0034697545948
60,20020522,20020719,58,57,0.0192230145714286,1.00300646058548
60,20020619,20020816,58,57,0.0189078922857143,1.00295710297189
60,20020717,20020920,65,64,0.0187591185714286,1.00329468569074
60,20020821,20021018,58,57,0.0181296445714286,1.00283521641395
60,20020918,20021115,58,57,0.0183407748571429,1.00286828146997
60,20021016,20021220,65,64,0.0182146782142857,1.00319891222529
60,20021120,20030117,58,57,0.0141207911428571,1.00220759780796
60,20021218,20030221,65,64,0.0139514132142857,1.00244926976625
60,20030122,20030321,58,57,0.0135094667857143,1.00211192453053
60,20030219,20030417,57,56,0.01345363,1.00206625033457
60,20030318,20030516,59,58,0.0128205497142857,1.00203931461612
60,20030416,20030620,65,64,0.0133342178571429,1.00234079001912
60,20030521,20030718,58,57,0.0128055488571429,1.0020017715183
60,20030618,20030815,58,57,0.0108120597142857,1.00168988488921
60,20030716,20030919,65,64,0.0111530853571429,1.00195752293863
60,20030820,20031017,58,57,0.0114175245714286,1.00178460119521
60,20030917,20031121,65,64,0.0115473589285714,1.00202679356248
60,20031022,20031219,58,57,0.0116089308571429,1.0018145458306
60,20031119,20040116,58,57,0.0116205582857143,1.0018163649173
60,20031217,20040220,65,64,0.0117748235714286,1.00206675940789
60,20040121,20040319,58,57,0.0113125008571429,1.00176817109716
60,20040218,20040416,58,57,0.0112385788571429,1.00175660676861
60,20040317,20040521,65,64,0.0111772346428571,1.00196176563184
60,20040421,20040618,58,57,0.0117348754285714,1.00183424976932
60,20040519,20040716,58,57,0.0128275414285714,1.00200521285557
60,20040616,20040820,65,64,0.0153223064285714,1.00269026327124
60,20040721,20040917,58,57,0.0163628034285714,1.00255855463944
60,20040818,20041015,58,57,0.0174313982857143,1.00272587201939
60,20040915,20041119,65,64,0.0192397796428571,1.00337924722867
60,20041020,20041217,58,57,0.0206800091428571,1.00323470127143
60,20041117,20050121,65,64,0.0233946339285714,1.00411049781513
60,20041222,20050218,58,57,0.0256664507142857,1.00401622897238
60,20050119,20050318,58,57,0.0269244125714286,1.00421348616869
60,20050216,20050415,58,57,0.0281153437142857,1.00440026819339
60,20050316,20050520,65,64,0.0304933582142857,1.00536110015966
60,20050420,20050617,58,57,0.0316602357142857,1.00495644392499
60,20050518,20050715,58,57,0.0327916468571429,1.00513402147081
60,20050615,20050819,65,64,0.034498266,1.00606734323712
60,20050720,20050916,58,57,0.036371432,1.00569608359986
60,20050817,20051021,65,64,0.0382794292857143,1.00673458553636
60,20050921,20051118,58,57,0.0399444631428571,1.00625739869442
60,20051019,20051216,58,57,0.0418114062857143,1.00655081583503
60,20051116,20060120,65,64,0.0437150060714286,1.00769454901352
60,20051221,20060217,58,57,0.0455208839285714,1.00713406785458
60,20060118,20060317,58,57,0.0463207691428571,1.00725988043564
60,20060215,20060421,65,64,0.0480774253571429,1.0084656469373
60,20060322,20060519,58,57,0.0497703322857143,1.00780263640492
60,20060419,20060616,58,57,0.050887604,1.00797849118318
60,20060517,20060721,65,64,0.0522862042857143,1.00921014674922
60,20060621,20060818,58,57,0.0547641608571429,1.00858888605682
60,20060719,20060915,58,57,0.0551651454285714,1.00865204537454
60,20060816,20061020,65,64,0.0543444114285714,1.0095744274537
60,20060920,20061117,58,57,0.0542785077142857,1.00851239583783
60,20061018,20061215,58,57,0.0540953934285714,1.00848355690075
60,20061115,20070119,65,64,0.0541405868571429,1.00953834681406
60,20061220,20070216,58,57,0.0541328368571429,1.00848945385408
60,20070117,20070316,58,57,0.0539734021428571,1.00846434477217
60,20070214,20070420,65,64,0.0542010582142857,1.00954905120465
60,20070321,20070518,58,57,0.053847824,1.00844456813997
60,20070418,20070615,58,57,0.0539309245714286,1.00845765516251
60,20070516,20070720,65,64,0.0539497335714286,1.00950456349585
60,20070620,20070817,58,57,0.0540184145714286,1.00847143363399
60,20070718,20070921,65,64,0.0539808507142857,1.00951007152582
60,20070822,20071019,58,57,0.0541043251428572,1.00848496355038
60,20070919,20071116,58,57,0.0516206808571429,1.00809389166573
60,20071017,20071221,65,64,0.0507871696428571,1.00894491634161
60,20071121,20080118,58,57,0.0484240305714286,1.00759077383942
60,20071219,20080215,58,57,0.0488073617142857,1.00765109272046
60,20080116,20080320,64,63,0.03915188,1.00678060667601
60,20080219,20080418,59,58,0.0305786537142857,1.0048708981839
60,20080319,20080516,58,57,0.025626734,1.00401000174548
60,20080416,20080620,65,64,0.0279228578571429,1.00490806804767
60,20080521,20080718,58,57,0.0253402471428571,1.00396508430318
60,20080618,20080815,58,57,0.0272404537142857,1.00426304971598
60,20080716,20080919,65,64,0.0266961482142857,1.00469194130135
60,20080820,20081017,58,57,0.026840594,1.00420034162686
60,20080917,20081121,65,64,0.0338068978571429,1.00594538891346
60,20081022,20081219,58,57,0.0297122528571429,1.00465077710033
60,20081119,20090116,58,57,0.0169174477142857,1.00264539569421
60,20081217,20090220,65,64,0.010058795,1.0017652902113
60,20090121,20090320,58,57,0.00777756857142857,1.0012153171016
60,20090218,20090417,58,57,0.00910519942857143,1.00142291924626
60,20090318,20090515,58,57,0.00865783971428571,1.00135296062849
60,20090415,20090619,65,64,0.00769141714285714,1.00134954186012
60,20090520,20090717,58,57,0.00463917228571429,1.00072473597453
60,20090617,20090821,65,64,0.00518360928571429,1.00090932001465
60,20090722,20090918,58,57,0.00397112771428571,1.00062034104351
60,20090819,20091016,58,57,0.00348608428571429,1.0005445504173
60,20090916,20091120,65,64,0.00305164678571429,1.00053522645461
60,20091021,20091218,58,57,0.00284765514285714,1.00044480120471
60,20091118,20100115,58,57,0.00255884685714286,1.00039968059309
60,20091216,20100219,65,64,0.00265300642857143,1.00046529290402
60,20100120,20100319,58,57,0.00248090314285714,1.00038750377018
60,20100217,20100416,58,57,0.00254648628571429,1.00039774954244
60,20100317,20100521,65,64,0.00273823928571429,1.00048024490886
60,20100421,20100618,58,57,0.00311225714285714,1.00048614184686
60,20100519,20100716,58,57,0.00469558257142857,1.00073355167526
60,20100616,20100820,65,64,0.00485447357142857,1.00085155773553
60,20100721,20100917,58,57,0.00408107285714286,1.00063752135742
60,20100818,20101015,58,57,0.00308493342857143,1.00048187279061
60,20100915,20101119,65,64,0.00294790535714286,1.00051702660633
60,20101020,20101217,58,57,0.00289930114285714,1.00045287009044
60,20101117,20110121,65,64,0.00293378928571429,1.00051455018291
60,20101222,20110218,58,57,0.00298610285714286,1.00046643165737
60,20110119,20110318,58,57,0.00294303171428571,1.00045970236422
60,20110216,20110415,58,57,0.00297883857142857,1.00046529670618
60,20110316,20110520,65,64,0.00299001035714286,1.00052441324522
60,20110420,20110617,58,57,0.00250367314285714,1.00039106101742
60,20110518,20110715,58,57,0.002335094,1.00036472501107
60,20110615,20110819,65,64,0.00244570857142857,1.00042892853498
60,20110720,20110916,58,57,0.00239371342857143,1.0003738826587
60,20110817,20111021,65,64,0.00292984321428571,1.00051385791323
60,20110921,20111118,58,57,0.00321913228571429,1.00050284019077
60,20111019,20111216,58,57,0.00346088542857143,1.00054061311816
60,20111116,20120120,65,64,0.00443682535714286,1.00077826659064
60,20111221,20120217,58,57,0.00455203057142857,1.00071111777258
60,20120118,20120316,58,57,0.00395282485714286,1.00061748102011
60,20120215,20120420,65,64,0.00356169428571429,1.0006247113092
60,20120321,20120518,58,57,0.00364759571428571,1.00056978680307
60,20120418,20120615,58,57,0.00347378542857143,1.00054262872981
60,20120516,20120720,65,64,0.00368992535714286,1.00064720996061
60,20120620,20120817,58,57,0.003557808,1.00055575726903
60,20120718,20120921,65,64,0.0034644475,1.00060764931121
60,20120822,20121019,58,57,0.00329856857142857,1.00051525162413
60,20120919,20121116,58,57,0.00275807371428571,1.00043080565152
60,20121017,20121221,65,64,0.00255342214285714,1.00044782357769
60,20121121,20130118,58,57,0.00268406342857143,1.00041924296854
60,20121219,20130215,58,57,0.00258750914285714,1.00040415842027
60,20130116,20130315,58,57,0.00246094142857143,1.00038438525826
60,20130213,20130419,65,64,0.00252504678571429,1.00044284595688
60,20130320,20130517,58,57,0.00257425114285714,1.00040208715824
60,20130417,20130621,65,64,0.00247053571428571,1.00043328366414
60,20130522,20130719,58,57,0.00235667085714286,1.0003680957823
60,20130619,20130816,58,57,0.00232847257142857,1.00036369060315
60,20130717,20130920,65,64,0.00236436535714286,1.0004146595992
60,20130821,20131018,58,57,0.00229273742857143,1.00035810803258
60,20130918,20131115,58,57,0.00215632228571429,1.00033679744404
60,20131016,20131220,65,64,0.00218595857142857,1.00038336483147
60,20131120,20140117,58,57,0.00205432771428571,1.00032086428707
60,20131218,20140221,65,64,0.00212389892857143,1.00037247902824
60,20140122,20140321,58,57,0.00204775428571429,1.0003198374228
60,20140219,20140417,57,56,0.0019744,1.00030296752923
60,20140318,20140516,59,58,0.001978154,1.00031438620899
60,20140416,20140620,65,64,0.00192296214285714,1.00033723377421
60,20140521,20140718,58,57,0.00187862057142857,1.00029341666173
60,20140618,20140815,58,57,0.00191950771428571,1.00029980367108
60,20140716,20140919,65,64,0.00196842,1.00034520718673
60,20140820,20141017,58,57,0.00194824657142857,1.00030429301258
60,20140917,20141121,65,64,0.00203393857142857,1.00035669940641
60,20141022,20141219,58,57,0.001950452,1.00030463752684
60,20141119,20150116,58,57,0.00194058,1.00030309540358
60,20141217,20150220,65,64,0.00209049535714286,1.00036661979918
60,20150121,20150320,58,57,0.00215085392857143,1.00033594319417
60,20150218,20150417,58,57,0.00229438857142857,1.00035836597466
60,20150318,20150515,58,57,0.00223430428571429,1.0003489796307
60,20150415,20150619,65,64,0.00237233607142857,1.0004160577844
60,20150520,20150717,58,57,0.00239116257142857,1.00037348415681
60,20150617,20150821,65,64,0.00254316964285714,1.00044602507562
60,20150722,20150918,58,57,0.00257094171428571,1.00040157013569
60,20150819,20151016,58,57,0.00271794514285714,1.00042453631783
60,20150916,20151120,65,64,0.00309845428571429,1.00054343822356
60,20151021,20151218,58,57,0.00269851428571429,1.0004215006264
60,20151118,20160115,58,57,0.00316020085714286,1.00049363261529
60,20151216,20160219,65,64,0.00473913464285714,1.00083131690633
60,20160120,20160318,58,57,0.00532717028571429,1.00083226040045
60,20160217,20160415,58,57,0.00534087142857143,1.000834401814
60,20160316,20160520,65,64,0.00547430535714286,1.00096033903012
60,20160420,20160617,58,57,0.00560531314285714,1.00087573350249
60,20160518,20160715,58,57,0.00572226942857143,1.00089401407044
60,20160615,20160819,65,64,0.00561631514285714,1.0009852635992
60,20160720,20160916,58,57,0.00610881828571429,1.00095443502538
60,20160817,20161021,65,64,0.00686070142857143,1.0012036961667
60,20160921,20161118,58,57,0.00719772685714286,1.00112466053457
60,20161019,20161216,58,57,0.00696412628571429,1.00108814008375
60,20161116,20170120,65,64,0.00763628607142857,1.00133986204313
60,20161221,20170217,58,57,0.00892075142857143,1.0013940744674
60,20170118,20170317,58,57,0.00921749657142857,1.00144048116781
60,20170215,20170421,65,64,0.00976554285714286,1.00171378121135
60,20170322,20170519,58,57,0.0109833102857143,1.00171667368034
60,20170419,20170616,58,57,0.01096193,1.00171332911508
60,20170517,20170721,65,64,0.0111931628571429,1.00196456400712
60,20170621,20170818,58,57,0.0127680311428571,1.00199590087653
60,20170719,20170915,58,57,0.0128510411428571,1.00200889003947
60,20170816,20171020,65,64,0.0129644696428571,1.0022758078026
60,20170920,20171117,58,57,0.013211252,1.00206525673559
60,20171018,20171215,58,57,0.013363492,1.00208908058491
60,20171115,20180119,65,64,0.0141353828571429,1.0024816069864
60,20171220,20180216,58,57,0.0161753405714286,1.00252920514577
60,20180117,20180316,58,57,0.0167014921428571,1.00261158248087
60,20180214,20180420,65,64,0.0181472110714286,1.00318704459763
60,20180321,20180518,58,57,0.021072592,1.00329620892805
60,20180418,20180615,58,57,0.021289288,1.00333016124414
60,20180516,20180720,65,64,0.0214657903571429,1.00377095684425
60,20180620,20180817,58,57,0.0224671645714286,1.00351473314535
60,20180718,20180921,65,64,0.022802565,1.0040062616694
60,20180822,20181019,58,57,0.0223187114285714,1.00349146883909
60,20180919,20181116,58,57,0.0231841654285714,1.00362710297779
60,20181017,20181221,65,64,0.0245688032142857,1.00431724711155
60,20181121,20190118,58,57,0.0256753334285714,1.00401762170811
60,20181219,20190215,58,57,0.0263996477142857,1.00413119466676
60,20190116,20190315,58,57,0.026251275,1.00410792868086
60,20190213,20190418,64,63,0.02604756,1.00450600185151
60,20190319,20190517,59,58,0.025825106,1.00411214724423
60,20190417,20190621,65,64,0.0257585253571429,1.00452677839572
60,20190522,20190719,58,57,0.0251311805714286,1.00393230663096
60,20190619,20190816,58,57,0.0234479051428571,1.00366843996754
60,20190717,20190920,65,64,0.0226693446428571,1.0039828091744
60,20190821,20191018,58,57,0.0213001242857143,1.00333185912289
60,20190918,20191115,58,57,0.0210743548571429,1.00329648513101
60,20191016,20191220,65,64,0.0192299417857143,1.00337751640685
60,20191120,20200117,58,57,0.018208316,1.00284753699732
60,20191218,20200221,65,64,0.0182672714285714,1.00320816359163
60,20200122,20200320,58,57,0.0171844153571429,1.00268719769173
60,20200219,20200417,58,57,0.0167382037142857,1.00261733050957
60,20200318,20200515,58,57,0.00807919828571428,1.00126247927682
60,20200415,20200619,65,64,0.00697127178571429,1.0012231073708
60,20200520,20200717,58,57,0.00230563057142857,1.00036012220535
60,20200617,20200821,65,64,0.00262530035714286,1.00046043260453
60,20200722,20200918,58,57,0.00216837714285714,1.00033868061918
60,20200819,20201016,58,57,0.00192728428571429,1.00030101845939
60,20200916,20201120,65,64,0.00197139035714286,1.00034572819641
60,20201021,20201218,58,57,0.001896115,1.00029614947374
60,20201118,20210115,58,57,0.00198405583333333,1.00030988686118
60,20201216,20210219,65,64,0.00180875037037037,1.00031720104749
60,20210120,20210319,58,57,0.00167573771428571,1.00026172479112
60,20210217,20210416,58,57,0.00135328828571429,1.00021135776383
60,20210317,20210521,65,64,0.0014159325,1.00024830391821
60,20210421,20210618,58,57,0.00147668314285714,1.00023063190417
60,20210519,20210716,58,57,0.001224262,1.00019120439778
60,20210616,20210820,65,64,0.00110683285714286,1.00019409363608
60,20210721,20210917,58,57,0.00113101771428571,1.00017664028321
60,20210818,20211015,58,57,0.00109511514285714,1.00017103260562
60,20210915,20211119,65,64,0.00106597357142857,1.00018692790329
60,20211020,20211217,58,57,0.00121637916666667,1.00018997314535
60,20211117,20220121,65,64,0.0015958362962963,1.0002798570238
60,20211222,20220218,58,57,0.005699626,1.00089047481831
60,20220119,20220318,58,57,0.005130995,1.00080159978075
60,20220216,20220414,57,56,0.005078618,1.00077948887107
60,20220315,20220520,66,65,0.00563010612903226,1.00100312443252
60,20220420,20220617,58,57,0.007019128,1.00109673877586
60,20220518,20220715,58,57,0.010320759,1.00161303451
60,20220615,20220819,65,64,0.0132363138709677,1.00232358325677
60,20220720,20220916,58,57,0.019490769,1.00304840087885
60,20220817,20221021,65,64,0.0257262729032258,1.00452109758704
60,20220921,20221118,58,57,0.029743055,1.00465560968076
60,20221019,20221216,58,57,0.03372501,1.00528053855353
60,20221116,20230120,65,64,0.0370599112903226,1.00651933518009
60,20221221,20230217,58,57,0.041861935,1.00655875834297
60,20230118,20230317,58,57,0.042554934,1.00666769579959
60,20230215,20230421,65,64,0.04320794,1.00760495865706
60,20230322,20230519,58,57,0.044694723,1.00700413890874
60,20230419,20230616,58,57,0.046338999,1.00726274796195
60,20230517,20230721,65,64,0.0476551467741935,1.00839097950867
60,20230621,20230818,58,57,0.048994374,1.00768052125605
60,20230719,20230915,58,57,0.049962746,1.00783291948391
60,20230816,20231020,65,64,0.051795175483871,1.00912325931177
60,20230920,20231117,58,57,0.052325152,1.0082048015039
60,20231018,20231215,58,57,0.052778738,1.00827621919008
60,20231115,20240119,65,64,0.0528569377419355,1.00931114730889
60,20231220,20240216,58,57,0.053601775,1.00840582031913
60,20240117,20240315,58,57,0.053860284,1.0084465303816
60,20240214,20240419,65,64,0.0529631867741936,1.00932995091771
60,20240320,20240517,58,57,0.05324636,1.00834985215834
60,20240417,20240621,65,64,0.0529691083870968,1.00933099891585
60,20240522,20240719,58,57,0.053613874,1.00840772563604
60,20240618,20240816,59,58,0.0550429866666667,1.00878491967936
60,20240717,20240920,65,64,0.053726095483871,1.00946497831342
60,20240821,20241018,58,57,0.05279273,1.00827842232851
60,20240918,20241115,58,57,0.052074327,1.00816531096431
60,20241016,20241220,65,64,0.0488017229032258,1.00859373032626
60,20241120,20250117,58,57,0.048726448,1.0076383602826
60,20241218,20250221,65,64,0.04890596,1.00861216475353
60,20250122,20250321,58,57,0.046039244,1.00721559803384
60,20250219,20250417,57,56,0.0446457666666667,1.00687327473333
60,20250318,20250516,59,58,0.0446045406666667,1.00711302304164
60,20250416,20250620,65,64,0.044032294516129,1.00775061279089
60,20250521,20250718,58,57,0.044855161,1.00702936941279
60,20250618,20250815,58,57,0.044291185,1.00694068125657
60,20250716,20250919,65,64,0.0453507316129032,1.00798360950446
60,20250820,20251017,58,57,0.046681633,1.00731664524079
90,19960126,19960419,84,83,0.0548521826984127,1.01255135132011
90,19960223,19960517,84,83,0.0529327528571429,1.01210949634177
90,19960320,19960621,93,92,0.0547404818681319,1.01389322710252
90,19960424,19960719,86,85,0.0551439850793651,1.0129245593136
90,19960524,19960816,84,83,0.0554369874285714,1.01268601238343
90,19960619,19960920,93,92,0.0568780507692308,1.01443964423526
90,19960724,19961018,86,85,0.0570937874603175,1.0133845958883
90,19960821,19961220,121,120,0.0565061810989011,1.01875100757983
90,19960918,19961220,93,92,0.0577028195604396,1.01465055489876
90,19961025,19970117,84,83,0.05576553,1.01276167265823
90,19961122,19970221,91,90,0.0551583739285714,1.01369360512928
90,19961218,19970321,93,92,0.0561804061538462,1.0142612761136
90,19970122,19970418,86,85,0.0560734720634921,1.01314383651445
90,19970219,19970620,121,120,0.0555433134065934,1.01842856357279
90,19970319,19970620,93,92,0.0573585659340659,1.0145625167013
90,19970424,19970718,85,84,0.0593836036507936,1.01376017519406
90,19970521,19970815,86,85,0.05872113,1.01376871121103
90,19970618,19970919,93,92,0.0582637350549451,1.01479401779628
90,19970724,19971017,85,84,0.0576114744444444,1.01334681516942
90,19970820,19971219,121,120,0.0581111762637363,1.01928871341359
90,19970917,19971219,93,92,0.0578859879120879,1.01469740083497
90,19971022,19980116,86,85,0.0587566765714286,1.01377710319141
90,19971128,19980220,84,83,0.0592134407142857,1.01355603520719
90,19971217,19980320,93,92,0.0593753356043956,1.01507838693112
90,19980121,19980417,86,85,0.0564945425396825,1.01324318774544
90,19980218,19980619,121,120,0.0564636296428571,1.01873675584213
90,19980318,19980619,93,92,0.0571428060714286,1.01450734293591
90,19980421,19980717,87,86,0.0574927691428571,1.01363840752355
90,19980520,19980821,93,92,0.0575316917857143,1.01460679033571
90,19980617,19980918,93,92,0.0574576888571428,1.01458786526182
90,19980722,19981016,86,85,0.0573581851428571,1.01344699398951
90,19980825,19981120,87,86,0.0572415503571429,1.01357841074894
90,19980916,19981218,93,92,0.0548797877142857,1.01392882826277
90,19981021,19990115,86,85,0.0509624462857143,1.01193867068933
90,19981124,19990219,87,86,0.0514897496428571,1.01220572059085
90,19981216,19990319,93,92,0.0519253945714286,1.01317406799836
90,19990122,19990416,84,83,0.0499598977142857,1.01142552219195
90,19990223,19990521,87,86,0.0506351967857143,1.01200193682498
90,19990317,19990618,93,92,0.0505139671428571,1.01281368828791
90,19990422,19990716,85,84,0.0501853434285714,1.01161645672074
90,19990525,19990820,87,86,0.0511858896428571,1.01213325491261
90,19990616,19990917,93,92,0.0527580671428571,1.01338673439031
90,19990721,19991015,86,85,0.0534005825714286,1.0125133975971
90,19990823,19991119,88,87,0.0563931014285714,1.01353238837379
90,19990915,19991217,93,92,0.058017256043956,1.0147309744418
90,19991020,20000121,93,92,0.0600978910714286,1.01526327346614
90,19991124,20000218,86,85,0.059015115,1.01383811848425
90,19991222,20000317,86,85,0.0616774571428571,1.01446689046662
90,20000125,20000420,86,85,0.06126422,1.01436926965993
90,20000223,20000519,86,85,0.0626936951428572,1.01470700074965
90,20000321,20000616,87,86,0.063730976,1.01512937312492
90,20000426,20000721,86,85,0.0654274436507936,1.01535319564947
90,20000522,20000818,88,87,0.0688729871428571,1.0165517889028
90,20000621,20000915,86,85,0.0686825025714286,1.01612315300015
90,20000724,20001020,88,87,0.067786782967033,1.01628863419358
90,20000821,20001117,88,87,0.0671474007692308,1.01613376290782
90,20000915,20001215,91,90,0.0678673208571429,1.01687521241648
90,20001023,20010119,88,87,0.067397526,1.0161943454814
90,20001120,20010216,88,87,0.0671265668571429,1.01612871691046
90,20001220,20010316,86,85,0.0640772364285714,1.01503398648475
90,20010122,20010420,88,87,0.0554355303571429,1.0133010831315
90,20010220,20010518,87,86,0.0533450694285714,1.01264829681403
90,20010321,20010615,86,85,0.0482923754285714,1.01130964551631
90,20010423,20010720,88,87,0.0431724896428571,1.01034355758519
90,20010521,20010817,88,87,0.0409810568571429,1.00981595100976
90,20010620,20010921,93,92,0.0377532675,1.00956131213972
90,20010726,20011019,85,84,0.0371592617460317,1.00858839093046
90,20010822,20011116,86,85,0.0355276911111111,1.00830789248457
90,20010919,20011221,93,92,0.0264867296428571,1.00669844207699
90,20011022,20020118,88,87,0.0236403702857143,1.00565073349002
90,20011121,20020215,86,85,0.0214409597142857,1.00500558650541
90,20011219,20020315,86,85,0.0193565985714286,1.00451787600433
90,20020122,20020419,87,86,0.0185862403571429,1.00438882656824
90,20020219,20020517,87,86,0.0197329917142857,1.00466024253673
90,20020320,20020621,93,92,0.0218661164285714,1.00552667551753
90,20020422,20020719,88,87,0.0202396137142857,1.00483589205859
90,20020522,20020816,86,85,0.0197181825714286,1.00460246448425
90,20020619,20020920,93,92,0.0192130510714286,1.00485448666494
90,20020724,20021018,86,85,0.0181957365714286,1.004246353629
90,20020821,20021115,86,85,0.0179889325714286,1.00419799045428
90,20020918,20021220,93,92,0.0181679953571429,1.00458983149306
90,20021021,20030117,88,87,0.0182151574285714,1.00435113387151
90,20021120,20030221,93,92,0.0142245821428571,1.00359180927148
90,20021218,20030321,93,92,0.0139003221428571,1.00350978777252
90,20030122,20030417,85,84,0.01338383,1.0030848627274
90,20030224,20030516,81,80,0.0133278497142857,1.00292544332217
90,20030318,20030620,94,93,0.0126664196428571,1.00323254777037
90,20030421,20030718,88,87,0.0131923368571429,1.00314942385947
90,20030521,20030815,86,85,0.0124627968571429,1.00290651089456
90,20030618,20030919,93,92,0.0104127110714286,1.00262802095835
90,20030721,20031017,88,87,0.0111805768571429,1.00266851357614
90,20030820,20031121,93,92,0.0116263003571429,1.00293476275673
90,20030917,20031219,93,92,0.0116277245714286,1.00293512279036
90,20031022,20040116,86,85,0.0117959948571429,1.00275078899705
90,20031124,20040220,88,87,0.0118637407142857,1.00283179771763
90,20031217,20040319,93,92,0.0119106965714286,1.00300665913681
90,20040121,20040416,86,85,0.0114500048571429,1.00266999759884
90,20040223,20040521,88,87,0.0114480625,1.00273244260196
90,20040317,20040618,93,92,0.0112786368571429,1.00284687918137
90,20040421,20040716,86,85,0.0122135474285714,1.00284829948988
90,20040524,20040820,88,87,0.0143888921428571,1.00343556922676
90,20040616,20040917,93,92,0.0167826265714286,1.00423910116961
90,20040721,20041015,86,85,0.0174487394285714,1.00407167189616
90,20040825,20041119,86,85,0.0189933903571429,1.00443291472837
90,20040915,20041217,93,92,0.0199598051428571,1.00504364113579
90,20041020,20050121,93,92,0.021512155,1.00543696876701
90,20041117,20050318,121,120,0.024939334,1.00823293886508
90,20041222,20050318,86,85,0.026518476,1.0061946434399
90,20050124,20050415,81,80,0.0280660002857143,1.00617041115426
90,20050216,20050617,121,120,0.0304121734285714,1.01004867500991
90,20050316,20050617,93,92,0.031568126,1.0079886377501
90,20050420,20050715,86,85,0.0324387957142857,1.00758284535453
90,20050523,20050819,88,87,0.0342741722857143,1.00820292134141
90,20050615,20050916,93,92,0.035363914,1.00895348890161
90,20050725,20051021,88,87,0.037985005,1.00909507117161
90,20050822,20051118,88,87,0.0396007334285714,1.00948376752805
90,20050921,20051216,86,85,0.0405185511428571,1.00948048474432
90,20051025,20060120,87,86,0.0433908617857143,1.01027603986748
90,20051128,20060217,81,80,0.0448588235714286,1.00988056452962
90,20051221,20060317,86,85,0.0462548897142857,1.01082991012964
90,20060130,20060421,81,80,0.0478913860714286,1.01055202621541
90,20060215,20060616,121,120,0.0493609045714286,1.01636063572746
90,20060322,20060616,86,85,0.0503021162857143,1.01178307129906
90,20060427,20060721,85,84,0.0520147832142857,1.01204245893249
90,20060517,20060915,121,120,0.052978856,1.01757027886013
90,20060621,20060915,86,85,0.0552642648571429,1.01295293209172
90,20060725,20061020,87,86,0.0555488492857143,1.01317424769937
90,20060816,20061215,121,120,0.0547046317142857,1.01814778999056
90,20060920,20061215,86,85,0.0543806437142857,1.01274451336258
90,20061026,20070119,85,84,0.0542828382857143,1.01257084590103
90,20061127,20070216,81,80,0.0540103002857143,1.01190821897018
90,20061220,20070316,86,85,0.0540827757142857,1.01267426523595
90,20070125,20070420,85,84,0.0541216275,1.01253327964804
90,20070222,20070518,85,84,0.0540821931428571,1.0125240906423
90,20070321,20070615,86,85,0.053707376,1.01258573924656
90,20070423,20070720,88,87,0.0539374835714286,1.01293932963458
90,20070522,20070817,87,86,0.054025208,1.01281058855792
90,20070620,20070921,93,92,0.054069745,1.01372183032491
90,20070723,20071019,88,87,0.054003494,1.01295526733984
90,20070822,20071116,86,85,0.0532249891428572,1.01247199513015
90,20070919,20071221,93,92,0.0506678496428571,1.01285297287393
90,20071022,20080118,88,87,0.0488562522857143,1.0117132580828
90,20071121,20080215,86,85,0.0476478865714286,1.0111578730354
90,20071219,20080320,92,91,0.04740411,1.01188867404673
90,20080116,20080418,93,92,0.0382299188571429,1.00968261040363
90,20080219,20080516,87,86,0.0299241177142857,1.00707552813475
90,20080319,20080620,93,92,0.0245722603571429,1.0062127757624
90,20080416,20080718,93,92,0.0277719234285714,1.00702460404639
90,20080521,20080815,86,85,0.0256789671428571,1.00599794953937
90,20080618,20080919,93,92,0.0286481475,1.0072470365159
90,20080716,20081017,93,92,0.0273811317142857,1.00692541607628
90,20080820,20081121,93,92,0.0279816764285714,1.00707784608867
90,20080917,20081219,93,92,0.0335694294285714,1.00849723391486
90,20081022,20090116,86,85,0.0281401328571429,1.00657470069942
90,20081119,20090220,93,92,0.0181278632142857,1.004579669617
90,20081217,20090320,93,92,0.0110211839285714,1.00278180430743
90,20090121,20090417,86,85,0.00892533685714286,1.00208066468866
90,20090218,20090515,86,85,0.0104335034285714,1.00243267413821
90,20090318,20090619,93,92,0.010218495,1.00257894041796
90,20090415,20090717,93,92,0.00853130771428571,1.00215267068867
90,20090520,20090821,93,92,0.0052317025,1.00131954553373
90,20090617,20090918,93,92,0.00581697542857143,1.00146727193805
90,20090722,20091016,86,85,0.00440702371428572,1.00102682001281
90,20090819,20091120,93,92,0.00407850571428571,1.00102853549999
90,20090916,20091218,93,92,0.00340827657142857,1.00085944155931
90,20091021,20100115,86,85,0.00308131914285714,1.00071782498475
90,20091118,20100219,93,92,0.00270512785714286,1.00068207295222
90,20091216,20100319,93,92,0.00288488342857143,1.00072741313651
90,20100120,20100416,86,85,0.00259215114285714,1.00060383387032
90,20100217,20100521,93,92,0.00280045607142857,1.00070611756336
90,20100317,20100618,93,92,0.00294165685714286,1.00074173366314
90,20100421,20100716,86,85,0.00332665714285714,1.00077500113678
90,20100519,20100820,93,92,0.00556923857142857,1.00140473900658
90,20100616,20100917,93,92,0.00546458228571429,1.00137832318063
90,20100721,20101015,86,85,0.00430935285714286,1.00100405164834
90,20100818,20101119,93,92,0.00336697107142857,1.00084902141638
90,20100915,20101217,93,92,0.00316549428571429,1.00079819640108
90,20101020,20110121,93,92,0.00316888142857143,1.00079905082849
90,20101117,20110218,93,92,0.00309281678571429,1.00077986323474
90,20101222,20110318,86,85,0.00322626057142857,1.00075160326728
90,20110119,20110415,86,85,0.00313123971428571,1.00072945873589
90,20110216,20110520,93,92,0.00322016607142857,1.00081198778119
90,20110316,20110617,93,92,0.00320900514285714,1.00080917233533
90,20110420,20110715,86,85,0.00267092114285714,1.00062218881385
90,20110518,20110819,93,92,0.00258101228571429,1.00065076817912
90,20110615,20110916,93,92,0.00273462857142857,1.00068951384812
90,20110720,20111021,93,92,0.00293016928571429,1.00073883602219
90,20110817,20111118,93,92,0.00333837057142857,1.00084180642873
90,20110921,20111216,86,85,0.00362099628571429,1.00084360134199
90,20111019,20120120,93,92,0.00421100071428572,1.00106196640719
90,20111116,20120217,93,92,0.00523645885714286,1.00132074597903
90,20111221,20120316,86,85,0.00516972657142857,1.00120463391686
90,20120118,20120420,93,92,0.00448777035714286,1.00113180404256
90,20120215,20120518,93,92,0.00388313771428571,1.00097924262395
90,20120321,20120615,86,85,0.00404227571428571,1.00094179508941
90,20120418,20120720,93,92,0.00404839642857143,1.00102093853324
90,20120516,20120817,93,92,0.00420686057142857,1.00106092175667
90,20120620,20120921,93,92,0.00398146535714286,1.0010040511547
90,20120718,20121019,93,92,0.00367585228571429,1.00092694554128
90,20120822,20121116,86,85,0.00356536857142857,1.0008306360984
90,20120919,20121221,93,92,0.00302299142857143,1.00076224984824
90,20121017,20130118,93,92,0.00265605542857143,1.00066969565135
90,20121121,20130215,86,85,0.00287399942857143,1.00066951156104
90,20121219,20130315,86,85,0.00279598642857143,1.00065133215193
90,20130116,20130419,93,92,0.0027012125,1.00068108539504
90,20130213,20130517,93,92,0.00268361142857143,1.00067664594886
90,20130320,20130621,93,92,0.00283203,1.00071408157467
90,20130417,20130719,93,92,0.002614772,1.00065928305078
90,20130522,20130816,86,85,0.00249081485714286,1.00058022103809
90,20130619,20130920,93,92,0.00256386642857143,1.00064644368054
90,20130717,20131018,93,92,0.00254144371428571,1.00064078829034
90,20130821,20131115,86,85,0.00247830542857143,1.00057730619747
90,20130918,20131220,93,92,0.00237269821428571,1.00059822882839
90,20131016,20140117,93,92,0.0023711,1.00059782574991
90,20131120,20140221,93,92,0.00219937071428571,1.00055451562044
90,20131218,20140321,93,92,0.002235265,1.00056356800508
90,20140122,20140417,85,84,0.00220609,1.00050783180704
90,20140219,20140516,86,85,0.00212055171428571,1.00049394906423
90,20140318,20140620,94,93,0.002210905,1.00056348517761
90,20140416,20140718,93,92,0.00204827285714286,1.00051641028803
90,20140521,20140815,86,85,0.00200379657142857,1.00046674644997
90,20140618,20140919,93,92,0.00215249785714286,1.00054269461055
90,20140716,20141017,93,92,0.00209572428571429,1.00052837689613
90,20140820,20141121,93,92,0.00213435142857143,1.00053811824447
90,20140917,20141219,93,92,0.00217220285714286,1.00054766405804
90,20141022,20150116,86,85,0.002100588,1.00048929769448
90,20141119,20150220,93,92,0.00216790678571429,1.00054658062019
90,20141217,20150320,93,92,0.00229043357142857,1.00057748144145
90,20150121,20150417,86,85,0.00234575571428571,1.00054642111232
90,20150218,20150515,86,85,0.00252674857142857,1.00058859405373
90,20150318,20150619,93,92,0.00256127357142857,1.00064578971621
90,20150415,20150717,93,92,0.00259504257142857,1.00065430688754
90,20150520,20150821,93,92,0.00270221785714286,1.00068133897275
90,20150617,20150918,93,92,0.00286975542857143,1.00072359728517
90,20150722,20151016,86,85,0.00295374971428571,1.00068809615212
90,20150819,20151120,93,92,0.0032763525,1.00082616143968
90,20150916,20151218,93,92,0.00358054228571429,1.00090290021931
90,20151021,20160115,86,85,0.00304163428571429,1.00070857671452
90,20151118,20160219,93,92,0.00396743392857143,1.0010005109211
90,20151216,20160318,93,92,0.00523085542857143,1.0013193317436
90,20160120,20160415,86,85,0.00576677828571429,1.00134385052687
90,20160217,20160520,93,92,0.00590701357142857,1.00149000004062
90,20160316,20160617,93,92,0.00594226714285714,1.00149889915175
90,20160420,20160715,86,85,0.00608448114285714,1.00141793829
90,20160518,20160819,93,92,0.00654921028571429,1.00165212310692
90,20160615,20160916,93,92,0.00599921914285714,1.00151327579633
90,20160720,20161021,93,92,0.00686493785714286,1.00173183840394
90,20160817,20161118,93,92,0.00749086571428571,1.00188989221784
90,20160921,20161216,86,85,0.00778031885714286,1.00181349747751
90,20161019,20170120,93,92,0.00795133428571429,1.00200618162448
90,20161116,20170217,93,92,0.00830889714285714,1.00209649193452
90,20161221,20170317,86,85,0.00944252914285714,1.00220136459582
90,20170118,20170421,93,92,0.00988313428571429,1.00249419672777
90,20170215,20170519,93,92,0.0104245308571429,1.00263100802595
90,20170322,20170616,86,85,0.0114752782857143,1.00267589892368
90,20170419,20170721,93,92,0.0116346389285714,1.00293687070407
90,20170517,20170818,93,92,0.0115988117142857,1.00292781380265
90,20170621,20170915,86,85,0.0129567831428571,1.00302188979197
90,20170719,20171020,93,92,0.0131298221428571,1.00331491684709
90,20170816,20171117,93,92,0.0132788328571429,1.00335260092425
90,20170920,20171215,86,85,0.013608628,1.00317415955752
90,20171018,20180119,93,92,0.0140936385714286,1.0035586863156
90,20171115,20180216,93,92,0.0146464628571429,1.00369853394495
90,20171220,20180316,86,85,0.0166154307142857,1.00387684246586
90,20180117,20180420,93,92,0.0175306828571429,1.00442846948274
90,20180214,20180518,93,92,0.0190142991428571,1.00480414835712
90,20180321,20180615,86,85,0.021810728,1.00509213168744
90,20180418,20180720,93,92,0.0224880064285714,1.00568430453593
90,20180516,20180817,93,92,0.0221392262857143,1.00559589699785
90,20180620,20180921,93,92,0.0232153935714286,1.00586870502481
90,20180718,20181019,93,92,0.0234699245714286,1.00593323936504
90,20180822,20181116,86,85,0.0230310714285714,1.00537780897502
90,20180919,20181221,93,92,0.024169505,1.0061106338295
90,20181017,20190118,93,92,0.0254368971428571,1.00643208949361
90,20181121,20190215,86,85,0.0264289094285714,1.00617365648241
90,20181219,20190315,86,85,0.0269501514285714,1.00629579840871
90,20190116,20190418,92,91,0.02665757,1.0066682684475
90,20190213,20190517,93,92,0.0262795525714286,1.00664587368293
90,20190319,20190621,94,93,0.0260535164285714,1.00666037553138
90,20190417,20190719,93,92,0.02590194,1.00655006663531
90,20190522,20190816,86,85,0.0252045565714286,1.00588681385589
90,20190619,20190920,93,92,0.0226167339285714,1.00571693588399
90,20190717,20191018,93,92,0.0222093025714286,1.0056136590592
90,20190821,20191115,86,85,0.0208500042857143,1.00486728739703
90,20190918,20191220,93,92,0.0210684385714286,1.00532452612651
90,20191016,20200117,93,92,0.0191807025714286,1.0048462935223
90,20191120,20200221,93,92,0.0182096928571429,1.00460038984272
90,20191218,20200320,93,92,0.0182237142857143,1.00460394027585
90,20200122,20200417,86,85,0.017313322,1.00404000842739
90,20200219,20200515,86,85,0.0166839877142857,1.00389286981763
90,20200318,20200619,93,92,0.00766410892857143,1.00193364248134
90,20200415,20200717,93,92,0.00616549285714286,1.00155525018431
90,20200520,20200821,93,92,0.00249281571428571,1.00062852359087
90,20200617,20200918,93,92,0.00276775,1.00069786805421
90,20200722,20201016,86,85,0.00230405714285714,1.00053670522718
90,20200819,20201120,93,92,0.00207697571428571,1.00052364874305
90,20200916,20201218,93,92,0.0021651225,1.00054587844429
90,20201021,20210115,86,85,0.00206892166666667,1.00048191976183
90,20201118,20210219,93,92,0.00214109111111111,1.00053981792935
90,20201216,20210319,93,92,0.00181243114285714,1.00045693632291
90,20210120,20210416,86,85,0.00175728971428571,1.00040931559805
90,20210217,20210521,93,92,0.0014292925,1.00036032492883
90,20210317,20210618,93,92,0.00147940742857143,1.00037296126819
90,20210421,20210716,86,85,0.00160653914285714,1.00037419554751
90,20210519,20210820,93,92,0.00136598642857143,1.0003443627078
90,20210616,20210917,93,92,0.00120427885714286,1.0003035903341
90,20210721,20211015,86,85,0.00122488971428571,1.00028528897679
90,20210818,20211119,93,92,0.00120747357142857,1.00030439582194
90,20210915,20211217,93,92,0.00121321,1.00030584215744
90,20211020,20220121,93,92,0.00147079481481481,1.00037078961031
90,20211117,20220218,93,92,0.00170072642857143,1.00042876814528
90,20211222,20220318,86,85,0.00572385064516129,1.00133384029484
90,20220119,20220414,85,84,0.00529624225806452,1.00121960434523
90,20220216,20220520,93,92,0.00561701806451613,1.00141679904686
90,20220315,20220617,94,93,0.0063371035483871,1.00161596352442
90,20220420,20220715,86,85,0.00831725516129032,1.0019387720304
90,20220518,20220819,93,92,0.0122415712903226,1.00309031193534
90,20220615,20220916,93,92,0.0148952890322581,1.0037614857135
90,20220720,20221021,93,92,0.0214180641935484,1.00541312406751
90,20220817,20221118,93,92,0.0268668574193548,1.00679490152458
90,20220921,20221216,86,85,0.0309957529032258,1.00724430295264
90,20221019,20230120,93,92,0.0354365658064516,1.00897196526533
90,20221116,20230217,93,92,0.0386782625806452,1.00979671824066
90,20221221,20230317,86,85,0.0431893503225806,1.01010854352025
90,20230118,20230421,93,92,0.0442144322580645,1.01120679046054
90,20230215,20230519,93,92,0.0444976116129032,1.01127896965444
90,20230322,20230616,86,85,0.0459533874193548,1.010758939359
90,20230419,20230721,93,92,0.0474360503225806,1.01202824840252
90,20230517,20230818,93,92,0.0483997161290323,1.01227409646645
90,20230621,20230915,86,85,0.0500212470967742,1.01171689486413
90,20230719,20231020,93,92,0.0512563980645161,1.01300323716364
90,20230816,20231117,93,92,0.0527619541935484,1.01338772725621
90,20230920,20231215,86,85,0.0532712290322581,1.01248289768313
90,20231018,20240119,93,92,0.0537993283870968,1.01365273759855
90,20231115,20240216,93,92,0.0535903964516129,1.01359935772354
90,20231220,20240315,86,85,0.0539796932258065,1.0126499557645
90,20240117,20240419,93,92,0.0538447758064516,1.01366434930039
90,20240214,20240517,93,92,0.0529713151612903,1.01344120557914
90,20240320,20240621,93,92,0.0534579977419355,1.01356553272429
90,20240417,20240719,93,92,0.0533045858064516,1.01352634071324
90,20240522,20240816,86,85,0.0540261058064516,1.01266090095874
90,20240618,20240920,94,93,0.0553840980645161,1.01421160285265
90,20240717,20241018,93,92,0.0540456664516129,1.01371567795067
90,20240821,20241115,86,85,0.052658265483871,1.01233838119152
90,20240918,20241220,93,92,0.0515166548387097,1.01306969130996
90,20241016,20250117,93,92,0.0484825712903226,1.01229523706058
90,20241120,20250221,93,92,0.0485913796774194,1.01232300032213
90,20241218,20250321,93,92,0.0488883735483871,1.01239878437191
90,20250122,20250417,85,84,0.0463175906451613,1.01071640442616
90,20250219,20250516,86,85,0.0449809432258065,1.01053006920301
90,20250318,20250620,94,93,0.0447216432258064,1.01145999800739
90,20250416,20250718,93,92,0.0438547641935484,1.01111512259216
90,20250521,20250815,86,85,0.0443054506451613,1.01037111876568
90,20250618,20250919,93,92,0.0440512593548387,1.01116520188456
90,20250716,20251017,93,92,0.0449909974193548,1.01140474038836
90,20250820,20251121,93,92,0.0460079432258065,1.01166402301591
180,19960117,19960621,156,155,0.0539600420879121,1.0231790933096
180,19960214,19960920,219,218,0.0503447587912088,1.03052555989128
180,19960320,19960920,184,183,0.054665016043956,1.02778642904883
180,19960417,19960920,156,155,0.0554137674725275,1.02381093303107
180,19960522,19961220,212,211,0.0563602104395604,1.03311740076025
180,19960619,19961220,184,183,0.0578898384615385,1.02944952783126
180,19960717,19961220,156,155,0.0582941183516484,1.02506398656629
180,19960821,19970321,212,211,0.0572764841758242,1.03366476891808
180,19960918,19970321,184,183,0.0586941697802198,1.02986475506949
180,19961016,19970321,156,155,0.0562993946153846,1.02419604869588
180,19961120,19970620,212,211,0.0551816404395604,1.03241376692799
180,19961218,19970620,184,183,0.0561859171428571,1.02857045000397
180,19970122,19970620,149,148,0.056603749010989,1.0232170731049
180,19970219,19970919,212,211,0.055865798021978,1.03282216662095
180,19970319,19970919,184,183,0.0582509874725275,1.02963594634158
180,19970416,19970919,156,155,0.0602125927472527,1.02589944094119
180,19970521,19971219,212,211,0.0599052007692308,1.03523673471884
180,19970618,19971219,184,183,0.0585773735164835,1.02980444988432
180,19970716,19971219,156,155,0.058364386043956,1.02509457462958
180,19970820,19980320,212,211,0.0585315261538462,1.03441498282543
180,19970917,19980320,184,183,0.0581588121978022,1.02958836394341
180,19971022,19980320,149,148,0.0591791114285714,1.02428613231619
180,19971119,19980619,212,211,0.0585861127472527,1.03444762486129
180,19971217,19980619,184,183,0.0590533634065934,1.0300502389397
180,19980121,19980619,149,148,0.0561957282417582,1.02304780194348
180,19980218,19980918,212,211,0.0560937269230769,1.032958261928
180,19980318,19980918,184,183,0.0570860493406593,1.02903474774138
180,19980415,19980918,156,155,0.0575316388571429,1.02473213209823
180,19980520,19981218,212,211,0.0579280784615385,1.03405419798903
180,19980617,19981218,184,183,0.0577746159340659,1.02939005917339
180,19980722,19981218,149,148,0.0575601531428571,1.02361395591185
180,19980819,19990319,212,211,0.0569759793406593,1.03348521989447
180,19980916,19990319,184,183,0.0533862995604396,1.02712771616192
180,19981021,19990319,149,148,0.048919348021978,1.02003382695824
180,19981118,19990618,212,211,0.0497182505494506,1.02915825013816
180,19981216,19990618,184,183,0.0501101173626374,1.02544196259552
180,19990120,19990618,149,148,0.0500033274285714,1.02048226237309
180,19990217,19990917,212,211,0.0509785946153846,1.02990835000943
180,19990317,19990917,184,183,0.0509669705494505,1.02588258747636
180,19990421,19990917,149,148,0.0505671828571429,1.02071560373323
180,19990519,19991217,212,211,0.0532215337362637,1.03124459853851
180,19990616,19991217,184,183,0.0546736702197802,1.02779088856518
180,19990721,20000121,184,183,0.0550399553846154,1.02797965387988
180,19990818,20000121,156,155,0.0574385572527473,1.02469162748727
180,19990915,20000317,184,183,0.0589430013265306,1.02999324554908
180,19991020,20000317,149,148,0.0599495651020408,1.02460617250155
180,19991117,20000616,212,211,0.0590046704081633,1.03469795084706
180,19991222,20000616,177,176,0.062145000952381,1.03041930195348
180,20000119,20000616,149,148,0.0621714371428571,1.02552968017961
180,20000216,20000915,212,211,0.0650828219047619,1.03833993379289
180,20000321,20000915,178,177,0.0654132914285714,1.0322294379875
180,20000419,20000915,149,148,0.0656528395238095,1.02697837823128
180,20000517,20001215,212,211,0.0715738561538461,1.04224346913693
180,20000621,20001215,177,176,0.0694046616483517,1.03403265559156
180,20000719,20001215,149,148,0.068629513956044,1.0282186692734
180,20000816,20010316,212,211,0.0681272098901099,1.04016892392371
180,20000920,20010316,177,176,0.0675038278571429,1.03308533018072
180,20001018,20010316,149,148,0.0666522835714286,1.02739464969457
180,20001115,20010615,212,211,0.0663688545054945,1.03911215650414
180,20001220,20010615,177,176,0.061835686,1.03026562727391
180,20010117,20010615,149,148,0.05553372,1.02277322132044
180,20010214,20010921,219,218,0.0521693194505495,1.03164917445223
180,20010321,20010921,184,183,0.0461271938461538,1.02339628247657
180,20010418,20010921,156,155,0.0444409228571429,1.01905137772586
180,20010516,20011221,219,218,0.0408488659340659,1.02469745673435
180,20010620,20011221,184,183,0.0379482698901099,1.01920826884457
180,20010718,20011221,156,155,0.0372151554945055,1.01592923502934
180,20010822,20020315,205,204,0.0354230105494506,1.01999534766201
180,20010919,20020315,177,176,0.0259652035714286,1.01259891367909
180,20011017,20020315,149,148,0.0237622007142857,1.00968165098668
180,20011121,20020621,212,211,0.0231795612087912,1.01348986975142
180,20011219,20020621,184,183,0.0204798982417582,1.01032090062009
180,20020116,20020621,156,155,0.0187965260714286,1.00801402819645
180,20020213,20020920,219,218,0.022046396043956,1.01325450898777
180,20020320,20020920,184,183,0.0250266251648352,1.01262664699749
180,20020417,20020920,156,155,0.0220565367857143,1.00941047722404
180,20020522,20021220,212,211,0.0229350146153846,1.01334660481117
180,20020619,20021220,184,183,0.0205562938461538,1.01035959913073
180,20020717,20021220,156,155,0.0192492907142857,1.008207857603
180,20020821,20030321,212,211,0.0179410893406593,1.01042539388877
180,20020918,20030321,184,183,0.0181073195604396,1.00911979857398
180,20021016,20030321,156,155,0.0180802253571429,1.00770745460377
180,20021120,20030620,212,211,0.0148765275824176,1.00863694066201
180,20021218,20030620,184,183,0.0140602225274725,1.0070742771521
180,20030122,20030620,149,148,0.0132672864285714,1.00539410812691
180,20030219,20030919,212,211,0.013221053956044,1.00767213702105
180,20030318,20030919,185,184,0.0126761842857143,1.00641064684931
180,20030416,20030919,156,155,0.0131519503571429,1.00560070041603
180,20030521,20031219,212,211,0.0118075731868132,1.00684909629732
180,20030618,20031219,184,183,0.0101755816483516,1.00511476596076
180,20030716,20031219,156,155,0.0111826934285714,1.00476010850947
180,20030820,20040319,212,211,0.0123606961538462,1.00717108831247
180,20030917,20040319,184,183,0.0118883607692308,1.00597826473238
180,20031022,20040319,149,148,0.0122881194285714,1.00499501362612
180,20031119,20040618,212,211,0.0131255031868132,1.00761647858046
180,20031217,20040618,184,183,0.0124831806593407,1.00627831710511
180,20040121,20040618,149,148,0.0117554585714286,1.0047779751946
180,20040218,20040917,212,211,0.0122419684615385,1.00710196413696
180,20040317,20040917,184,183,0.0116990897802198,1.00588280718578
180,20040421,20040917,149,148,0.0133954228571429,1.00544634643281
180,20040519,20041217,212,211,0.0179363271428571,1.01042261225035
180,20040616,20041217,184,183,0.0200844308791209,1.01012059867991
180,20040721,20041217,149,148,0.0195408577142857,1.00795488961196
180,20040818,20050318,212,211,0.0207605579120879,1.01207361348782
180,20040915,20050318,184,183,0.0214823925274725,1.01082883617692
180,20041020,20050318,149,148,0.0223676014285714,1.00911085624146
180,20041117,20050617,212,211,0.0267770533673469,1.01559976321455
180,20041222,20050617,177,176,0.0285111734693878,1.01384278980445
180,20050119,20050617,149,148,0.0296929874285714,1.01211266758328
180,20050216,20050916,212,211,0.0323510674285714,1.01887754569607
180,20050316,20050916,184,183,0.034151768,1.01727010039145
180,20050420,20050916,149,148,0.0337821417142857,1.01379221126348
180,20050518,20051216,212,211,0.0361448865714286,1.02111453818989
180,20050615,20051216,184,183,0.0372287257142857,1.01884064786262
180,20050720,20051216,149,148,0.0390822008571429,1.01597325946798
180,20050817,20060317,212,211,0.0417345729591837,1.02441940033856
180,20050921,20060317,177,176,0.041699413877551,1.02031062437568
180,20051019,20060317,149,148,0.0440195382857143,1.01800926398006
180,20051116,20060616,212,211,0.0468273162857143,1.02743975969311
180,20051221,20060616,177,176,0.0476369771428571,1.02323600454381
180,20060118,20060616,149,148,0.0474169877142857,1.01941263581928
180,20060215,20060915,212,211,0.05033503,1.02952526113087
180,20060322,20060915,177,176,0.0512004548571429,1.02499572157292
180,20060419,20060915,149,148,0.052198424,1.0213909638472
180,20060517,20061215,212,211,0.053481834,1.03139978669047
180,20060621,20061215,177,176,0.0560705494285714,1.02740556752609
180,20060719,20061215,149,148,0.0559409768571429,1.02294213019333
180,20060816,20070316,212,211,0.0546695071428571,1.03210816076746
180,20060920,20070316,177,176,0.0542981664285714,1.026527892528
180,20061018,20070316,149,148,0.0542614828571429,1.02224574343549
180,20061115,20070615,212,211,0.0537982408571429,1.03158845642303
180,20061220,20070615,177,176,0.0536912088571429,1.02622750261841
180,20070117,20070615,149,148,0.0540932477142857,1.02217601240709
180,20070214,20070921,219,218,0.0539476275824176,1.03274548434696
180,20070321,20070921,184,183,0.0528016207692308,1.02682666773579
180,20070418,20070921,156,155,0.053616295,1.0230297458563
180,20070516,20071221,219,218,0.0533327673626374,1.03236629721659
180,20070620,20071221,184,183,0.0541437448351648,1.02751785249782
180,20070718,20071221,156,155,0.0539051560714286,1.02315524557434
180,20070822,20080320,211,210,0.05005756,1.02921897715588
180,20070919,20080320,183,182,0.0481373,1.02429309217769
180,20071017,20080320,155,154,0.04916768,1.02096138712102
180,20071121,20080620,212,211,0.044189918021978,1.02587448470006
180,20071219,20080620,184,183,0.0446913097802198,1.02265979541851
180,20080116,20080620,156,155,0.0364163757142857,1.01558468229666
180,20080219,20080919,213,212,0.0277353981318681,1.01623978191599
180,20080319,20080919,184,183,0.0228035798901099,1.01149863457714
180,20080416,20080919,156,155,0.0272826325,1.0116531504875
180,20080521,20081219,212,211,0.0268390504395604,1.01563616235641
180,20080618,20081219,184,183,0.0309366878021978,1.0156316385423
180,20080716,20081219,156,155,0.0284519914285714,1.012155639006
180,20080820,20090320,212,211,0.0288672652747253,1.01682766861034
180,20080917,20090320,184,183,0.031719198021978,1.016030176472
180,20081022,20090320,149,148,0.0258673992857143,1.01054389811118
180,20081119,20090619,212,211,0.018590308021978,1.01080467948449
180,20081217,20090619,184,183,0.0117890316483517,1.00592816763076
180,20090121,20090619,149,148,0.00984267928571429,1.00399897886624
180,20090218,20090918,212,211,0.0122869047252747,1.00712812581727
180,20090318,20090918,184,183,0.0111263120879121,1.00559398579938
180,20090415,20090918,156,155,0.00934793542857143,1.00397756079038
180,20090520,20091218,212,211,0.00632432054945055,1.00366266832082
180,20090617,20091218,184,183,0.00736132945054945,1.00369756793808
180,20090722,20091218,149,148,0.00533598657142857,1.00216597525386
180,20090819,20100319,212,211,0.00530710978021978,1.00307265661546
180,20090916,20100319,184,183,0.00432846208791209,1.00217251694661
180,20091021,20100319,149,148,0.00371661628571429,1.00150814764755
180,20091118,20100618,212,211,0.00332753197802198,1.00192543825935
180,20091216,20100618,184,183,0.00380056824175824,1.00190730697919
180,20100120,20100618,149,148,0.00292028771428571,1.00118481800516
180,20100217,20100917,212,211,0.00372617791208791,1.00215635869893
180,20100317,20100917,184,183,0.00354213571428571,1.00177749797787
180,20100421,20100917,149,148,0.00380416371428571,1.00154370049921
180,20100519,20101217,212,211,0.00696698582417582,1.00403561167403
180,20100616,20101217,184,183,0.00659451747252747,1.00331176413511
180,20100721,20101217,149,148,0.00465183028571429,1.00188800163026
180,20100818,20110318,212,211,0.00384535813186813,1.0022254056045
180,20100915,20110318,184,183,0.00368836252747253,1.00185094470244
180,20101020,20110318,149,148,0.00342933571428571,1.00139149239473
180,20101117,20110617,212,211,0.00369058030612245,1.00213573619475
180,20101222,20110617,177,176,0.00386510336734694,1.00186545888331
180,20110119,20110617,149,148,0.00347435657142857,1.00140977299581
180,20110216,20110916,212,211,0.003941086,1.00228086886572
180,20110316,20110916,184,183,0.003648122,1.00183073217507
180,20110420,20110916,149,148,0.002977612,1.00120808963528
180,20110518,20111216,212,211,0.00310707971428571,1.00179776149031
180,20110615,20111216,184,183,0.00342361142857143,1.00171796961478
180,20110720,20111216,149,148,0.00350287257142857,1.00142135201552
180,20110817,20120316,212,211,0.00410333228571429,1.00237487888933
180,20110921,20120316,177,176,0.00438418428571429,1.00211625373889
180,20111019,20120316,149,148,0.00478787028571429,1.00194326872407
180,20111116,20120615,212,211,0.00664400514285714,1.00384816630676
180,20111221,20120615,177,176,0.00610514828571429,1.00294818971249
180,20120118,20120615,149,148,0.00477146485714286,1.0019366037553
180,20120215,20120921,219,218,0.00446814296703297,1.00267220829346
180,20120321,20120921,184,183,0.00460394406593407,1.00231094493218
180,20120418,20120921,156,155,0.004437695,1.00188627740367
180,20120521,20121116,179,178,0.00495057457142857,1.00241716945971
180,20120620,20121221,184,183,0.00437974153846154,1.00219828310428
180,20120718,20121221,156,155,0.00387195107142857,1.0016456057202
180,20120822,20130315,205,204,0.00390506142857143,1.00218493838726
180,20120919,20130315,177,176,0.00320672,1.00154745009455
180,20121017,20130315,149,148,0.00275097142857143,1.00111608474703
180,20121121,20130621,212,211,0.00316828373626374,1.00183320667904
180,20121219,20130621,184,183,0.00302278868131868,1.00151668415084
180,20130116,20130621,156,155,0.00286347285714286,1.00121673494497
180,20130213,20130920,219,218,0.00302226450549451,1.00180670866151
180,20130320,20130920,184,183,0.00315457153846154,1.00158285850027
180,20130417,20130920,156,155,0.00280779035714286,1.00119306046082
180,20130522,20131220,212,211,0.00283885538461538,1.00164243907087
180,20130619,20131220,184,183,0.00282799879120879,1.00141887902424
180,20130717,20140117,184,183,0.00287941063492063,1.00144469227948
180,20130821,20140321,212,211,0.00295423010989011,1.00170924691706
180,20130918,20140321,184,183,0.0026566821978022,1.00133286786945
180,20131016,20140321,156,155,0.00263240892857143,1.00111849733685
180,20131120,20140620,212,211,0.00239628417582418,1.00138620910936
180,20131218,20140620,184,183,0.0024861856043956,1.0012472757381
180,20140122,20140620,149,148,0.00240029035714286,1.00097374219819
180,20140219,20140919,212,211,0.00236943373626374,1.00137066595263
180,20140318,20140919,185,184,0.00243759626373626,1.00122957095406
180,20140416,20140919,156,155,0.00219391142857143,1.00093209514855
180,20140521,20141219,212,211,0.00225337175824176,1.0013034828812
180,20140618,20141219,184,183,0.00240290428571429,1.00120546978788
180,20140716,20150116,184,183,0.00235038714285714,1.00117910788159
180,20140820,20150320,212,211,0.00247958043956044,1.00143442910586
180,20140917,20150320,184,183,0.00252133725274725,1.00126492185267
180,20141022,20150320,149,148,0.00228779071428571,1.00092808252755
180,20141119,20150619,212,211,0.00258814813186813,1.00149728215401
180,20141217,20150619,184,183,0.00284351318681319,1.00142666854161
180,20150121,20150619,149,148,0.00263760535714286,1.00107006688843
180,20150218,20150918,212,211,0.00360931648351648,1.00208865980099
180,20150318,20150918,184,183,0.00329150714285714,1.00165162491781
180,20150415,20150918,156,155,0.00303858257142857,1.00129118985115
180,20150520,20151218,212,211,0.00366332758241758,1.00211994835781
180,20150617,20151218,184,183,0.00379459912087912,1.00190430853829
180,20150722,20160115,177,176,0.00401821057142857,1.00193942637037
180,20150819,20160318,212,211,0.0044497845054945,1.00257565248812
180,20150916,20160318,184,183,0.00458660659340659,1.00230223239596
180,20151021,20160318,149,148,0.00357627314285714,1.00145115718542
180,20151118,20160617,212,211,0.00533572846938775,1.00308925154119
180,20151216,20160617,184,183,0.00627156081632653,1.00314932030922
180,20160120,20160617,149,148,0.00633706571428572,1.00257285405632
180,20160217,20160916,212,211,0.00653142571428571,1.00378283783047
180,20160316,20160916,184,183,0.00680627514285714,1.00341829031046
180,20160420,20160916,149,148,0.00678090914285714,1.00275330271865
180,20160518,20161216,212,211,0.00775877428571429,1.00449528285072
180,20160615,20161216,184,183,0.00668906628571429,1.00335932617855
180,20160720,20170120,184,183,0.00767107964285714,1.00385345368386
180,20160817,20170120,156,155,0.00815457321428571,1.00346890372252
180,20160921,20170317,177,176,0.00878529816326531,1.004245183939
180,20161019,20170317,149,148,0.00853009314285714,1.00346476596669
180,20161116,20170616,212,211,0.00946769742857143,1.00548811209411
180,20161221,20170616,177,176,0.0104134151428571,1.00503389086096
180,20170118,20170616,149,148,0.0105745608571429,1.0042969727681
180,20170215,20170915,212,211,0.0119654951428571,1.00694101763039
180,20170322,20170915,177,176,0.0125142294285714,1.00605250138754
180,20170419,20170915,149,148,0.0121725762857143,1.00494793034057
180,20170517,20171215,212,211,0.0124857025714286,1.00724387313757
180,20170621,20171215,177,176,0.0134214351428571,1.00649269244904
180,20170719,20180119,184,183,0.0136826034920635,1.00688362904573
180,20170816,20180119,156,155,0.0137770591428571,1.00586767975183
180,20170920,20180316,177,176,0.0145266635714286,1.00702922763292
180,20171018,20180316,149,148,0.0147407607142857,1.00599497393571
180,20171115,20180615,212,211,0.0160931345714286,1.00934656335621
180,20171220,20180615,177,176,0.0176116548571429,1.00852835619815
180,20180117,20180615,149,148,0.0183724522857143,1.00747746957679
180,20180214,20180921,219,218,0.0208726791208791,1.01254445180312
180,20180321,20180921,184,183,0.0229769527472527,1.01158656183066
180,20180418,20180921,156,155,0.0233370807142857,1.00995953647303
180,20180516,20181221,219,218,0.0240860841758242,1.01448963282679
180,20180620,20181221,184,183,0.0244831591208791,1.01235076661163
180,20180718,20190118,184,183,0.0249011584126984,1.01256294947027
180,20180822,20190315,205,204,0.0249365664285714,1.01403472430155
180,20180919,20190315,177,176,0.0256936914285714,1.01246635197173
180,20181017,20190315,149,148,0.02645626,1.01078521541583
180,20181121,20190621,212,211,0.0279136084615385,1.01626725412035
180,20181219,20190621,184,183,0.0273608064835165,1.01381240568542
180,20190116,20190621,156,155,0.0269016157142857,1.01148947658152
180,20190219,20190816,178,177,0.0262351705714286,1.01280353304743
180,20190319,20190920,185,184,0.026165258021978,1.01327753133134
180,20190422,20191018,179,178,0.0258772492857143,1.01269955310219
180,20190522,20191115,177,176,0.0250178342857143,1.0121364502778
180,20190619,20191220,184,183,0.0212532945054945,1.01071273617002
180,20190717,20200117,184,183,0.021404013968254,1.01078911477292
180,20190821,20200221,184,183,0.01942373,1.00978604608083
180,20190918,20200320,184,183,0.020205212967033,1.01018176989894
180,20191021,20200417,179,178,0.0180927692063492,1.00886236331708
180,20191120,20200515,177,176,0.0175391642857143,1.00849310435332
180,20191218,20200619,184,183,0.0178514906593407,1.00899037222342
180,20200122,20200717,177,176,0.0171966725396825,1.00832656879196
180,20200224,20200821,179,178,0.01506317,1.00737292181008
180,20200318,20200918,184,183,0.00641143054945055,1.00321967009553
180,20200415,20201016,184,183,0.00484484971428571,1.00243201419796
180,20200520,20201120,184,183,0.00264103071428571,1.00132501025888
180,20200617,20201218,184,183,0.00293095857142857,1.00147057453327
180,20200722,20210115,177,176,0.00255390444444444,1.00123223030478
180,20200820,20210219,183,182,0.00236876444444444,1.00118183515684
180,20200916,20210319,184,183,0.00230038,1.00115400655922
180,20201021,20210416,177,176,0.00209743428571429,1.001011877176
180,20201119,20210521,183,182,0.00212678214285714,1.0010610401765
180,20201216,20210618,184,183,0.00177718604395604,1.00089142460636
180,20210120,20210716,177,176,0.00179644771428571,1.00086660761008
180,20210218,20210820,183,182,0.00144238285714286,1.00071947425917
180,20210317,20210917,184,183,0.00157623978021978,1.00079059147551
180,20210421,20211015,177,176,0.00176575142857143,1.00085179339595
180,20210519,20211119,184,183,0.00149637892857143,1.00075052079833
180,20210616,20211217,184,183,0.00139761835164835,1.00070096928573
180,20210721,20220121,184,183,0.00149932454545455,1.00075199875136
180,20210818,20220218,184,183,0.00143077428571429,1.0007176044626
180,20210915,20220318,184,183,0.00140756461538462,1.00070595955063
180,20211020,20220414,176,175,0.00164295548387097,1.00078802871428
180,20211117,20220520,184,183,0.00216715214285714,1.00108713527662
180,20211222,20220617,177,176,0.005893544,1.00284586027061
180,20220119,20220715,177,176,0.005917032,1.0028572182869
180,20220216,20220819,184,183,0.00702770978021978,1.00352969664918
180,20220315,20220916,185,184,0.00850131098901099,1.00429478867252
180,20220420,20221021,184,183,0.0124248375824176,1.00624888242519
180,20220518,20221118,184,183,0.0166561547252747,1.00838585999298
180,20220615,20221216,184,183,0.0196371276923077,1.0098940900529
180,20220720,20230120,184,183,0.025738502967033,1.01298813220745
180,20220817,20230217,184,183,0.0300414721978022,1.0151758906898
180,20220921,20230317,177,176,0.034501908,1.0167756942632
180,20221019,20230421,184,183,0.0392059254945055,1.01985113390664
180,20221116,20230519,184,183,0.0430916073626374,1.02183990755216
180,20221221,20230616,177,176,0.046723884,1.02278558721101
180,20230118,20230721,184,183,0.0476118594505495,1.02415834807119
180,20230215,20230818,184,183,0.0478046505494506,1.02425734763998
180,20230322,20230915,177,176,0.049222482,1.02401858539463
180,20230419,20231020,184,183,0.0495100414285714,1.02513349454325
180,20230517,20231117,184,183,0.0500746383516484,1.02542372208652
180,20230621,20231215,177,176,0.052491064,1.02563379658251
180,20230719,20240119,184,183,0.0537606547252747,1.02732051626426
180,20230816,20240216,184,183,0.0551385647252747,1.02803047819499
180,20230920,20240315,177,176,0.055694804,1.02721943765297
180,20231018,20240419,184,183,0.0558378998901099,1.02839099517289
180,20231115,20240517,184,183,0.0554007559340659,1.02816562658826
180,20231220,20240621,184,183,0.05481634,1.02786440941418
180,20240117,20240719,184,183,0.0535573193406593,1.0272157901449
180,20240214,20240816,184,183,0.0527831103296703,1.02681713823652
180,20240320,20240920,184,183,0.0537290245054945,1.02730422469374
180,20240417,20241018,184,183,0.0540719258241758,1.02748085441649
180,20240522,20241115,177,176,0.055036834,1.02689358577173
180,20240618,20241220,185,184,0.0559585123076923,1.02861087059447
180,20240717,20250117,184,183,0.0547379513186813,1.0278240133663
180,20240821,20250221,184,183,0.0520162046153846,1.0264223994365
180,20240918,20250321,184,183,0.0500357706593407,1.02540373975731
180,20241016,20250417,183,182,0.04740352,1.02391838743564
180,20241120,20250516,177,176,0.048168846,1.0234984601594
180,20241218,20250620,184,183,0.0486946591208791,1.02471449730136
180,20250122,20250718,177,176,0.047037128,1.02294008417979
180,20250219,20250815,177,176,0.045836122,1.02234785550681
180,20250318,20250919,185,184,0.044930863956044,1.0229085401084
180,20250416,20251017,184,183,0.0433921118681319,1.02199387353889
180,20250521,20251121,184,183,0.0427362952747253,1.02165789037063
180,20250618,20251219,184,183,0.0434922943956044,1.02204520804746
180,20250716,20260116,184,183,0.0439183425274725,1.02226354808574
180,20250820,20260220,184,183,0.0444214469230769,1.02252143777964
