TTM,quote_date,expiration_date,rf_gross,kappa,g_scale
30,19960118,19960216,1.00436017100331,0.852432389579318,0.424525551701263
30,19960215,19960315,1.00413703238066,0.852469355705898,0.424604193207281
30,19960321,19960419,1.00423490141038,0.852208136560517,0.424673731270126
30,19960418,19960517,1.0042195011763,0.853700136013473,0.424047093620926
30,19960523,19960621,1.00421249638178,0.852854593761831,0.424408755387169
30,19960620,19960719,1.00425659516555,0.853251328207009,0.424221782022003
30,19960718,19960816,1.00422568442087,0.852228544628591,0.424668962251295
30,19960822,19960920,1.00419896373288,0.85353448231253,0.42412601827457
30,19960919,19961018,1.00424575358903,0.852952793444757,0.424353027032371
30,19961017,19961115,1.00417546076527,0.853115913708141,0.424313512195811
30,19961121,19961220,1.00418249098819,0.853107984804369,0.424313905932506
30,19961219,19970117,1.00432571824211,0.853005948058722,0.42429668601724
30,19970123,19970221,1.00421580357537,0.852819804182552,0.424422122887975
30,19970220,19970321,1.00418249021785,0.852732897015674,0.424473091075096
30,19970320,19970418,1.00431899796626,0.852540764595755,0.42449694818367
30,19970417,19970516,1.00441121219242,0.853220257272646,0.424169657323272
30,19970522,19970620,1.00441818803258,0.854604519356468,0.423579959706133
30,19970619,19970718,1.00441087460694,0.853789633774876,0.423928356313614
30,19970717,19970815,1.00439649229564,0.852669008884573,0.424409764453147
30,19970821,19970919,1.00437675396768,0.852324529448293,0.42456433358186
30,19970918,19971017,1.00439322938176,0.852568572701447,0.42445377158445
30,19971023,19971121,1.00440198574212,0.853004625959176,0.424265028714126
30,19971120,19971219,1.0044264630746,0.852277660873349,0.424563220082345
30,19971218,19980116,1.00456432853996,0.853276341132606,0.424081220329816
30,19980122,19980220,1.00434697136396,0.854195972575731,0.423783094953846
30,19980219,19980320,1.00436961609384,0.853305526079663,0.424151055968391
30,19980319,19980417,1.00439775227647,0.854152944835191,0.423779902986659
30,19980416,19980515,1.00439283385358,0.853539998737402,0.424041813333551
30,19980521,19980619,1.00438039644978,0.854494403176851,0.423642544978962
30,19980618,19980717,1.00439254023065,0.854566632143924,0.42360682506743
30,19980723,19980821,1.00439195258689,0.853584184427609,0.424023449210707
30,19980820,19980918,1.00438603225037,0.852703819038516,0.424399410746456
30,19980917,19981016,1.00435492670879,0.850616616566905,0.425299314714163
30,19981022,19981120,1.00406499934923,0.852592829001429,0.424582227104228
30,19981119,19981218,1.00390918037715,0.853550970254325,0.424241449423797
30,19981217,19990115,1.00419354112455,0.852323523080552,0.42464222173146
30,19990121,19990219,1.00383555218083,0.852032262164512,0.424917401919728
30,19990218,19990319,1.00383196654715,0.851798971666761,0.425018060811956
30,19990318,19990416,1.00381628896708,0.852631812284539,0.424670868264386
30,19990422,19990521,1.00379947750952,0.853274743376352,0.424405029653589
30,19990520,19990618,1.00382064455251,0.853121950043148,0.424460930291739
30,19990617,19990716,1.00387077271521,0.853342215337836,0.424346255839948
30,19990722,19990820,1.00400758008178,0.854225480403821,0.423913840177913
30,19990819,19990917,1.00412873193565,0.853650529808581,0.424106463580684
30,19990916,19991015,1.00417970289462,0.854106442282662,0.423891634899609
30,19991021,19991119,1.00420628236159,0.854670715827808,0.423641298244199
30,19991118,19991217,1.004343388939,0.854934885424175,0.423471582331787
30,19991223,20000121,1.00534958425295,0.856016699340769,0.422590343026131
30,20000120,20000218,1.0044760099517,0.854977048767881,0.423397819115631
30,20000217,20000317,1.00456267401298,0.854371075118477,0.423617915933652
30,20000323,20000420,1.00460077461064,0.854716190380387,0.423455683514971
30,20000420,20000519,1.00477731712698,0.853371691208284,0.423950899649224
30,20000518,20000616,1.00512968747279,0.854177378317538,0.423460959811088
30,20000622,20000721,1.00521741302149,0.855450108811696,0.422885442430851
30,20000720,20000818,1.00514816218437,0.856453265636299,0.422490540687695
30,20000817,20000915,1.00513707997201,0.856286530577935,0.422565649522817
30,20000921,20001020,1.00515851148547,0.855726486101509,0.422793356570146
30,20001019,20001117,1.00514227911621,0.854375397843029,0.423371810834187
30,20001116,20001215,1.00514075973112,0.854441756912758,0.423344357139207
30,20001221,20010119,1.00519935340912,0.853916173757709,0.423542228312443
30,20010118,20010216,1.00457771742905,0.85417381348527,0.423695142865354
30,20010215,20010316,1.00434013768201,0.854485656319401,0.423663232308903
30,20010322,20010420,1.00394078628453,0.852230801642805,0.424788515978465
30,20010419,20010518,1.00352535795213,0.854398485961013,0.424044174343407
30,20010517,20010615,1.00317888894631,0.853241378012501,0.424681745380194
30,20010621,20010720,1.00298577058768,0.852712024979279,0.424988424454335
30,20010719,20010817,1.002965172703,0.853219292085773,0.424781620032003
30,20010823,20010921,1.00278389492716,0.853039338743841,0.424934871295093
30,20010920,20011019,1.00206343583367,0.846251698372789,0.428136585955167
30,20011018,20011116,1.00193825576767,0.850081217987656,0.426553449893238
30,20011123,20011221,1.0015829753598,0.851045895403049,0.426293322503155
30,20011220,20020118,1.00147660898354,0.850655260646494,0.426505174131239
30,20020117,20020215,1.00136292161181,0.851448191008568,0.426215503150059
30,20020214,20020315,1.00143744579834,0.851559917027736,0.426136172221066
30,20020321,20020419,1.00149140029317,0.852426436834612,0.425744138886743
30,20020418,20020517,1.00143940415462,0.851784872247494,0.426039488306754
30,20020523,20020621,1.00143263126449,0.852918617515432,0.42555961988621
30,20020620,20020719,1.00143357165682,0.84978179378779,0.426896220396303
30,20020718,20020816,1.00142489083928,0.847526884840029,0.427863627510102
30,20020822,20020920,1.0014072464488,0.85019837259298,0.426729639180257
30,20020919,20021018,1.00141299235899,0.845725786560432,0.428640039263746
30,20021017,20021115,1.00141911547218,0.846505435735621,0.428303361802313
30,20021121,20021220,1.001069083556,0.849395610718541,0.427216604785467
30,20021219,20030117,1.00107668509461,0.847571034665813,0.427993555588146
30,20030123,20030221,1.00104672883591,0.848856157795425,0.427456675674368
30,20030220,20030321,1.0010366024904,0.847161540608897,0.428185996645353
30,20030320,20030417,1.00097437401066,0.847128368328601,0.428226821096225
30,20030417,20030516,1.00102591050119,0.849832179735583,0.427048553259432
30,20030522,20030620,1.00102456368522,0.85031211572593,0.426844220755545
30,20030619,20030718,1.00082812995425,0.849947393582959,0.427083736473172
30,20030717,20030815,1.00085559083838,0.849933503090007,0.427077950684108
30,20030821,20030919,1.00086217899706,0.850973873310572,0.426631054240128
30,20030918,20031017,1.00086349992213,0.851025104472881,0.426608634962601
30,20031023,20031121,1.00086847139623,0.851275347141118,0.426499774132541
30,20031120,20031219,1.00086622694709,0.850500745389214,0.426831226759131
30,20031218,20040116,1.00087642382081,0.85125011807559,0.426507145636214
30,20040122,20040220,1.00085036818009,0.851077206675428,0.426592005355236
30,20040219,20040319,1.00084591690661,0.850832280484186,0.426698399444239
30,20040318,20040416,1.00084264645794,0.851180768337206,0.426551119976529
30,20040422,20040521,1.00085465465317,0.852192234329227,0.426114783584269
30,20040520,20040618,1.00085834813722,0.851412908896801,0.426445421381508
30,20040617,20040716,1.00098717174181,0.851568248780049,0.426324309010823
30,20040722,20040820,1.00111417993643,0.852677181770304,0.42579777948171
30,20040819,20040917,1.00124916967837,0.852078423659169,0.425995364693034
30,20040916,20041015,1.00140734010096,0.852970874837246,0.425548129071789
30,20041021,20041119,1.00149048207688,0.852652941338804,0.425648107097077
30,20041118,20041217,1.00166137845293,0.853801808069796,0.425086837261658
30,20041223,20050121,1.0018858526726,0.853867600824513,0.424963635388853
30,20050120,20050218,1.00194744770836,0.853339765666939,0.425161866779366
30,20050217,20050318,1.00202465755267,0.854113272080645,0.424800393483023
30,20050317,20050415,1.00221374141308,0.853937419466547,0.424794942739392
30,20050421,20050520,1.00234485092769,0.852580906706104,0.425315933721358
30,20050519,20050617,1.00240398605867,0.853442559117526,0.424924547877638
30,20050616,20050715,1.00252898927909,0.854284947168469,0.424513808910384
30,20050721,20050819,1.00267468870755,0.853445844064255,0.424808431045513
30,20050818,20050916,1.002801162061,0.853777355895196,0.42461406625447
30,20050922,20051021,1.00298125938766,0.853725487296332,0.42455984245413
30,20051020,20051118,1.00312828058763,0.853110801026001,0.424758630882586
30,20051117,20051216,1.00322697061883,0.854837957724415,0.423983926847313
30,20051222,20060120,1.00340984315534,0.854455748735574,0.424068707215942
30,20060119,20060217,1.00350004866892,0.854355886684132,0.424072933980668
30,20060216,20060317,1.00355834360842,0.854344945860678,0.424052939792603
30,20060323,20060421,1.0037511685258,0.855318498955209,0.423558919510966
30,20060420,20060519,1.00383929926667,0.855365277128732,0.423501922607195
30,20060518,20060616,1.00395015543211,0.853121055249459,0.424406554034202
30,20060622,20060721,1.00414148519431,0.853889566076485,0.423999713725635
30,20060720,20060818,1.0041893001664,0.854553551068632,0.423698102167864
30,20060817,20060915,1.00414027817814,0.854164587474636,0.423883630289274
30,20060921,20061020,1.00414525807733,0.854859369036932,0.423587125319951
30,20061019,20061117,1.00413702427954,0.854228860923636,0.423857760205396
30,20061116,20061215,1.00413656265722,0.85504628095821,0.42351162664446
30,20061221,20070119,1.00416138153885,0.855484473589302,0.423315624684592
30,20070118,20070216,1.00413637054755,0.855651159153316,0.423255612133757
30,20070215,20070316,1.00413775449925,0.85456073476454,0.42371680811022
30,20070322,20070420,1.0041384454288,0.853828575859372,0.424026857974945
30,20070419,20070518,1.00413838946665,0.854601619980956,0.423699216784383
30,20070517,20070615,1.00413776197567,0.854302269854295,0.423826335035582
30,20070621,20070720,1.00413878812893,0.854513288851442,0.423736476036216
30,20070719,20070817,1.00413845285117,0.854382858956387,0.423791889047113
30,20070823,20070921,1.0042687086532,0.853293733734055,0.424198676309658
30,20070920,20071019,1.00398345132437,0.853276069535037,0.424326697307833
30,20071018,20071116,1.00387872079607,0.853367849215191,0.424332018718619
30,20071123,20071221,1.0035924662443,0.85163810747936,0.425187880392896
30,20071220,20080118,1.0038340030795,0.853333781825604,0.424365378179019
30,20080117,20080215,1.00310529483492,0.850134300754506,0.426034570703379
30,20080221,20080320,1.00235256481111,0.852669590221691,0.425274944034575
30,20080320,20080418,1.00204529639846,0.851902946494244,0.425731610261181
30,20080417,20080516,1.00217638644626,0.85109053474793,0.426021886915826
30,20080522,20080620,1.00185580261389,0.851766233488511,0.425870352354716
30,20080619,20080718,1.00195765760487,0.851017993918213,0.426145799973746
30,20080717,20080815,1.00190902518467,0.850210546183695,0.426510731111649
30,20080821,20080919,1.00192204638415,0.851391001076196,0.426002014993341
30,20080918,20081017,1.00263005974388,0.848402930318065,0.42697511868616
30,20081023,20081121,1.00240306196895,0.837202587881283,0.431882047111318
30,20081120,20081219,1.00105765939887,0.822244326158609,0.438979999298282
30,20081218,20090116,1.00040623356868,0.841887266748734,0.430721565299165
30,20090122,20090220,1.00030230628808,0.843176169986738,0.430211457049253
30,20090219,20090320,1.00037622563183,0.841556740215721,0.430876878210914
30,20090319,20090417,1.00040560111609,0.842073685277815,0.43064155055201
30,20090416,20090515,1.00034290650503,0.844612201220351,0.429576667700568
30,20090521,20090619,1.00024328131413,0.845722027927802,0.429142915291544
30,20090618,20090717,1.00024756916074,0.847005299615355,0.428590724256349
30,20090723,20090821,1.00022286979069,0.848247639935819,0.428069169749116
30,20090820,20090918,1.00020915107452,0.84891950150351,0.427787530506839
30,20090917,20091016,1.00019135889582,0.848590624912744,0.427935855267775
30,20091022,20091120,1.00018934195032,0.849440294246421,0.427573267949589
30,20091119,20091218,1.00018286859788,0.849325279088725,0.427625215829314
30,20091217,20100115,1.00017995267302,0.848848998822133,0.427830181083253
30,20100121,20100219,1.00017777295042,0.848817584442885,0.427844553728575
30,20100218,20100319,1.00017801667597,0.849305190509551,0.427635880775147
30,20100318,20100416,1.00018593417,0.850773076306209,0.427005240415669
30,20100422,20100521,1.0002048290568,0.851118270751604,0.426849802237037
30,20100520,20100618,1.00026617130771,0.84566151669468,0.42915906298531
30,20100617,20100716,1.00026925576338,0.849016751328276,0.427720227651829
30,20100722,20100820,1.00025567873503,0.848829835200003,0.427805989703543
30,20100819,20100917,1.00020614683438,0.848331131190945,0.428040587717879
30,20100916,20101015,1.00019960775459,0.849730649968931,0.427444750392838
30,20101021,20101119,1.0001992113742,0.850075671318844,0.427297467605108
30,20101118,20101217,1.00019736805533,0.849958383567289,0.427348374885913
30,20101223,20110121,1.00020298503703,0.850484305662755,0.427121283364735
30,20110120,20110218,1.00020239760292,0.851058789167031,0.426876230412085
30,20110217,20110318,1.00020495154216,0.851402970762458,0.426728243133769
30,20110317,20110415,1.00019610126241,0.849064356167124,0.427731148619824
30,20110421,20110520,1.00016360957437,0.85167456966901,0.426629994056459
30,20110519,20110617,1.00014924267531,0.851045615080689,0.42690454164156
30,20110616,20110715,1.00014294388674,0.850039901433953,0.427336792638207
30,20110721,20110819,1.00014340307028,0.850351377501273,0.427203512045218
30,20110818,20110916,1.00016276169872,0.845825065874127,0.42913324480448
30,20110922,20111021,1.00018075033337,0.844572456249866,0.42966339023932
30,20111020,20111118,1.00018656354876,0.8469209617461,0.42865301597629
30,20111117,20111216,1.00019392110164,0.84612950096319,0.428989256597245
30,20111222,20120120,1.00022438278649,0.849218933558691,0.427652943858742
30,20120119,20120217,1.00021141533137,0.849912554035859,0.427361958423709
30,20120216,20120316,1.00018950405408,0.849814498338206,0.42741322894354
30,20120322,20120420,1.00018637542054,0.850049435437309,0.427314162170239
30,20120419,20120518,1.0001853069864,0.849810324834927,0.427416806315152
30,20120517,20120615,1.0001828522932,0.848579774135738,0.427944138383755
30,20120621,20120720,1.00019020545663,0.849386092453719,0.427596074653294
30,20120719,20120817,1.00018943567218,0.849843352103383,0.427400925861466
30,20120823,20120921,1.00018035280956,0.850120304545032,0.427286452770458
30,20120920,20121019,1.00016738726796,0.850830681615304,0.426988561198096
30,20121018,20121116,1.00016182565642,0.850435175043482,0.427159846680023
30,20121123,20121221,1.00015545575812,0.850723615164298,0.427039374167146
30,20121220,20130118,1.00016312037117,0.850023496003691,0.427335182450312
30,20130117,20130215,1.00015704386596,0.850385904291052,0.427182936054354
30,20130214,20130315,1.000156904363,0.850982170335652,0.426928356846936
30,20130321,20130419,1.00015713902998,0.850694630816925,0.427051033072831
30,20130418,20130517,1.00015360822393,0.850151735228646,0.427284448561106
30,20130523,20130621,1.00014773863831,0.851189720577474,0.426843668675801
30,20130620,20130719,1.00014793359315,0.849869211908262,0.427407608444538
30,20130718,20130816,1.00014609409375,0.851058862135551,0.426900230380755
30,20130822,20130920,1.00014184721005,0.850618982730502,0.42708986984352
30,20130919,20131018,1.00013900852106,0.85078616422373,0.427019686293673
30,20131017,20131115,1.00013385414703,0.851242326735983,0.426827140063017
30,20131121,20131220,1.0001306949508,0.852114733532886,0.426456282624174
30,20131219,20140117,1.00013000724473,0.851445594159233,0.426742030242419
30,20140123,20140221,1.00012644333575,0.85183702619639,0.426576542510766
30,20140220,20140321,1.00012077816981,0.851848261995281,0.426574165917359
30,20140320,20140417,1.0001115620856,0.851754436612892,0.426618122552992
30,20140417,20140516,1.00011614620842,0.851810696443557,0.426592166432061
30,20140522,20140620,1.00011393733968,0.851694150366883,0.426642829261275
30,20140619,20140718,1.00011716898978,0.852499560784625,0.42629796753447
30,20140717,20140815,1.00011820841072,0.851773474684997,0.42660716559009
30,20140821,20140919,1.00011755044276,0.851687511572263,0.426644120331227
30,20140918,20141017,1.00011727328693,0.852217415832832,0.426418217854461
30,20141023,20141121,1.00011515731503,0.851152526130991,0.426873451232503
30,20141120,20141219,1.000118496116,0.851963240564828,0.426526095087473
30,20141218,20150116,1.0001252971093,0.851446493851996,0.426743656065006
30,20150121,20150220,1.00013263686203,0.85111809351518,0.426880689033205
30,20150218,20150320,1.00014126026494,0.851555089351924,0.426690505666914
30,20150318,20150417,1.00013965661213,0.851873165793264,0.426555491002025
30,20150415,20150515,1.00014403995227,0.851207456875314,0.426837676621849
30,20150520,20150619,1.00014655749975,0.850925575877614,0.426956936281628
30,20150617,20150717,1.00014951302018,0.851288199909291,0.426800878270381
30,20150722,20150821,1.00014863193015,0.851654581468933,0.426644910797731
30,20150819,20150918,1.00015998864653,0.851328845360832,0.426779060998872
30,20150916,20151016,1.00016974385691,0.850201334062142,0.427256363283401
30,20151021,20151120,1.00015517866714,0.850886901452837,0.426969768476401
30,20151119,20151218,1.00016332950119,0.851074150660221,0.426886347270556
30,20151216,20160115,1.000288648989,0.851279999773933,0.426745011405198
30,20160120,20160219,1.00034168471709,0.848568553217934,0.42788099138632
30,20160217,20160318,1.00034776103411,0.850012699145059,0.427260919479777
30,20160316,20160415,1.00035168603252,0.851047747580383,0.426817237847766
30,20160420,20160520,1.00035576441495,0.850770410670684,0.426933885850003
30,20160518,20160617,1.00035330094246,0.850839553030281,0.426905418949976
30,20160615,20160715,1.00035806589494,0.850540742097275,0.427030967953543
30,20160720,20160819,1.00039108625782,0.851559516316928,0.426582060492514
30,20160817,20160916,1.00040927055027,0.851348378476353,0.426664382059795
30,20160921,20161021,1.0004387748069,0.851636913034301,0.426528713135299
30,20161019,20161118,1.00042056316885,0.851254831018456,0.426699480711868
30,20161116,20161216,1.00044331806966,0.851065050185406,0.42677076073553
30,20161221,20170120,1.00060716080234,0.85220654402319,0.426214081343446
30,20170118,20170217,1.00062433378003,0.852620291996618,0.426030460835073
30,20170215,20170317,1.00062642164343,0.852390485337634,0.426127487581469
30,20170322,20170421,1.00079163339562,0.852528177935399,0.425998481124499
30,20170419,20170519,1.00079787454364,0.852206049486511,0.426133072003214
30,20170517,20170616,1.00080453815912,0.85221326837532,0.426127158523319
30,20170621,20170721,1.00097889709499,0.853022013635816,0.425708503112309
30,20170719,20170818,1.00098726192978,0.853310071522298,0.425582335636496
30,20170816,20170915,1.000987404901,0.852894231846225,0.425759285647313
30,20170920,20171020,1.00099454491021,0.853152879928686,0.425646141945167
30,20171018,20171117,1.00099691975064,0.853894877231015,0.425329421713065
30,20171115,20171215,1.00101762339075,0.853137356925705,0.425642935870467
30,20171220,20180119,1.00123069010453,0.854420409042343,0.425006701278222
30,20180117,20180216,1.0012485063181,0.854131687133845,0.425121862988157
30,20180214,20180316,1.00128239149122,0.852780568789122,0.425682234815373
30,20180321,20180420,1.00149296203399,0.853028051693207,0.425487418406882
30,20180418,20180518,1.0015234472905,0.853480592709867,0.425281965957233
30,20180516,20180615,1.00154636126215,0.853675572726009,0.425189324600035
30,20180620,20180720,1.00167481668609,0.853804497913997,0.425079990996392
30,20180718,20180817,1.00167123948334,0.854134856098767,0.424941103094357
30,20180822,20180921,1.00165682506747,0.854013561393969,0.424998765213926
30,20180919,20181019,1.00174705398239,0.854345597015252,0.424819406318475
30,20181017,20181116,1.00183334109619,0.852916585402204,0.425390270462935
30,20181121,20181221,1.00186490377508,0.852065328886671,0.425739127995949
30,20181219,20190118,1.00199004460527,0.851506003605605,0.425924119978225
30,20190116,20190215,1.00201747834899,0.85302576511896,0.425265665058882
30,20190213,20190315,1.00200769176462,0.853136451225901,0.425222749762486
30,20190319,20190418,1.00199821553052,0.853576057294593,0.425039880050088
30,20190417,20190517,1.00200002690571,0.853640626879562,0.425011667967142
30,20190522,20190621,1.00196030895991,0.852648176234839,0.42545054474231
30,20190619,20190719,1.00191629848405,0.85237687460745,0.425584679365586
30,20190717,20190816,1.00185592700414,0.852501607038666,0.425557240846323
30,20190821,20190920,1.00174099492464,0.852285504657701,0.425698050443468
30,20190918,20191018,1.00164308931184,0.851936413914219,0.425888308022056
30,20191016,20191115,1.00151065815874,0.852711469832877,0.425614620828038
30,20191120,20191220,1.00137556235814,0.851489783488284,0.426192396101677
30,20191218,20200117,1.00140455670547,0.853337252560505,0.425393428649007
30,20200122,20200221,1.00132747873774,0.852512711861474,0.425777099492734
30,20200219,20200320,1.00131899407723,0.852653940485929,0.425720579130586
30,20200318,20200417,1.00062530752818,0.831452223838321,0.435144405662012
30,20200415,20200515,1.00058594461937,0.847774938398265,0.428116162968939
30,20200520,20200619,1.00013211459427,0.849727697245877,0.427474858391961
30,20200617,20200717,1.00015017188993,0.848406366993138,0.428032339100639
30,20200722,20200821,1.00013818523946,0.850442983490213,0.427166608000946
30,20200819,20200918,1.00013066301316,0.850709674522517,0.427055913654242
30,20200916,20201016,1.00011917419776,0.849785312452605,0.42745576076546
30,20201021,20201120,1.00011642829877,0.84861848946118,0.427955992057403
30,20201118,20201218,1.00011633033434,0.850307112886283,0.42723398719723
30,20201216,20210115,1.00012334566581,0.851167811176954,0.426863431596997
30,20210120,20210219,1.00010219307016,0.851115318903258,0.42689486803805
30,20210217,20210319,1.00008947148805,0.850999198904022,0.426949872870868
30,20210317,20210416,1.0000873691635,0.851456463421539,0.426755585570576
30,20210421,20210521,1.00008856050051,0.85160918976133,0.426689905441794
30,20210519,20210618,1.00007528889982,0.851218906401934,0.426862132554786
30,20210616,20210716,1.00006580618776,0.852289736311394,0.426409323677554
30,20210721,20210820,1.00007207591143,0.852135315325777,0.426472501621106
30,20210818,20210917,1.00007236525699,0.851588398095856,0.42670568711836
30,20210915,20211015,1.00006740324589,0.852201649439115,0.42644620538099
30,20211020,20211119,1.00006985200412,0.852347207282163,0.426383093269778
30,20211117,20211217,1.00007422163328,0.852292140669701,0.4264047102885
30,20211222,20220121,1.00045213682278,0.8524266598973,0.426186304189549
30,20220119,20220218,1.00039485580901,0.851141605976765,0.426758762742676
30,20220216,20220318,1.00037209873074,0.850929045495002,0.426859194666424
30,20220315,20220414,1.00037313978153,0.849763649709981,0.427356499819825
30,20220420,20220520,1.00044993564411,0.852463839502027,0.426171396701219
30,20220518,20220617,1.00069129123309,0.849697219080847,0.427249011132823
30,20220615,20220715,1.00087745032628,0.849213370707725,0.427376279871729
30,20220720,20220819,1.00141887929917,0.851011205207952,0.426377967322061
30,20220817,20220916,1.00192452123348,0.853167225303266,0.425244961109854
30,20220921,20221021,1.00225917718457,0.85051195514125,0.426233234281431
30,20221019,20221118,1.00256592642897,0.848836669665462,0.426817264336102
30,20221116,20221216,1.00277474964705,0.851516596415904,0.425586311818921
30,20221221,20230120,1.00321601261876,0.853601466277096,0.424513140449194
30,20230118,20230217,1.00326993923066,0.853512696918723,0.424528005913213
30,20230215,20230317,1.00329678196015,0.854059936677648,0.424284399033444
30,20230322,20230421,1.00344675323987,0.853325152173221,0.424532812680414
30,20230419,20230519,1.00360911387129,0.854854145648153,0.423815626155084
30,20230517,20230616,1.00370772783028,0.854913136856479,0.423748988204989
30,20230621,20230721,1.00380744882145,0.855854081632512,0.423308394540668
30,20230719,20230818,1.00388461819674,0.856266293621503,0.423101411076363
30,20230816,20230915,1.00401555818464,0.855519812717107,0.423362145589313
30,20230920,20231020,1.00408237081705,0.85598728514667,0.423136123940939
30,20231018,20231117,1.00412964056802,0.855246330929166,0.42342983057441
30,20231115,20231215,1.00412646053575,0.856267294800374,0.422999084243602
30,20231220,20240119,1.00423229073319,0.856172515256727,0.422994596166502
30,20240117,20240216,1.00428645980566,0.856065992352288,0.423016839321404
30,20240214,20240315,1.00421277338352,0.85624559379964,0.42297190596627
30,20240320,20240419,1.00422261919878,0.856482037960967,0.422867762539406
30,20240417,20240517,1.00417897117103,0.855457764617025,0.423319515983668
30,20240522,20240621,1.00423181659122,0.856785904017437,0.422735415185941
30,20240620,20240719,1.00420595648708,0.856952237858142,0.422675990212712
30,20240717,20240816,1.0042405789785,0.856829674435323,0.422713223916629
30,20240821,20240920,1.00421209802865,0.856792852528898,0.422740778527664
30,20240918,20241018,1.00418114333492,0.856488273188427,0.422882591540863
30,20241016,20241115,1.00391583977028,0.856056113429468,0.423177186826564
30,20241120,20241220,1.00388615558533,0.856379027925564,0.423053067841547
30,20241218,20250117,1.0038928550777,0.856918568862614,0.422822053230691
60,19960116,19960315,1.00896361176261,0.982777409379698,0.370945144262952
60,19960220,19960419,1.00858929073644,0.982149928821478,0.371315734662006
60,19960319,19960517,1.00875153113199,0.979148387482535,0.372372029209496
60,19960423,19960621,1.00877306248649,0.983322937945668,0.370812868675612
60,19960521,19960719,1.00881326129769,0.982188018250509,0.371219157614514
60,19960618,19960816,1.00894334017265,0.981152252034866,0.371555943727858
60,19960723,19960920,1.00899086172816,0.983829139669435,0.370545207465453
60,19960820,19961018,1.0088569922796,0.984763783582931,0.37024816469603
60,19960917,19961115,1.00900825689834,0.98395858369367,0.370490858382901
60,19961022,19961220,1.0088235768581,0.983451567642824,0.370746609037457
60,19961119,19970117,1.00877870709373,0.982780531529968,0.371011978507931
60,19961224,19970221,1.00924027870252,0.983070606027902,0.370734741516151
60,19970121,19970321,1.00888549096367,0.98319945886278,0.370817331279579
60,19970218,19970418,1.00877134296551,0.987059012765839,0.369430698503612
60,19970318,19970516,1.00900322095425,0.981904618035681,0.371254468851852
60,19970422,19970620,1.00934830264474,0.985433480428296,0.369820192339037
60,19970520,19970718,1.00936074934344,0.983959762173562,0.370361037823146
60,19970617,19970815,1.00923924363649,0.983175156193287,0.370696363345967
60,19970722,19970919,1.00918574152271,0.981637660152926,0.371286428659872
60,19970819,19971017,1.00915684232483,0.980683319512249,0.371651574190967
60,19970923,19971121,1.00923181622864,0.977819030413729,0.372689929263137
60,19971021,19971219,1.00929459530417,0.983686837294846,0.370486414235694
60,19971118,19980116,1.00929785599383,0.982878788991866,0.370784708259607
60,19971223,19980220,1.00944005945775,0.983506330533352,0.370499897434709
60,19980120,19980320,1.00905011691449,0.984422300078807,0.370303732998407
60,19980217,19980417,1.00906298127494,0.982368369189405,0.371060362255331
60,19980317,19980515,1.00913482845815,0.984111351566409,0.37038780158567
60,19980421,19980619,1.00915624859518,0.984845471937659,0.370108136134151
60,19980519,19980717,1.00917212769335,0.985678452910001,0.369794152744507
60,19980623,19980821,1.00916613506694,0.986181439922345,0.369610392664762
60,19980721,19980918,1.00914409192709,0.985799762947458,0.369759567997055
60,19980818,19981016,1.00912155751005,0.982439235142148,0.371012530316109
60,19980922,19981120,1.00889090347708,0.979190250779751,0.372305001962362
60,19981020,19981218,1.00825623367948,0.98657063639293,0.369799994901021
60,19981117,19990115,1.00840570130081,0.98436299610827,0.3705623485444
60,19981222,19990219,1.00847153011214,0.985816141198116,0.370000105104257
60,19990119,19990319,1.00799831341753,0.983820396732344,0.370913316032448
60,19990216,19990416,1.00803033997139,0.982805988165259,0.371277968179393
60,19990323,19990521,1.00802790313062,0.981531256374062,0.371752448474219
60,19990420,19990618,1.00799389744616,0.983403648038011,0.371069551517321
60,19990518,19990716,1.00806886916282,0.983395320390404,0.371045044392494
60,19990622,19990820,1.00836706299217,0.985816975491248,0.370038128501981
60,19990720,19990917,1.00846141977867,0.986329218391577,0.369814022715954
60,19990817,19991015,1.00871156650037,0.98592207402006,0.369872874885245
60,19990921,19991119,1.00914751324418,0.986360657500346,0.369550977127802
60,19991019,19991217,1.00936416660622,0.986397877198796,0.369457904079902
60,19991123,20000121,1.00941884347893,0.987761174077647,0.368934581403824
60,19991221,20000218,1.00988865593658,0.98799604330044,0.368676347662784
60,20000118,20000317,1.0096255676474,0.988318721513673,0.368653441738644
60,20000222,20000420,1.00966734736867,0.984966854119783,0.369875886436214
60,20000321,20000519,1.01005998811811,0.987145871840979,0.368927328855966
60,20000418,20000616,1.01013383305746,0.986399538715798,0.369175784074654
60,20000523,20000721,1.01092740617184,0.986039022005044,0.369018996409917
60,20000620,20000818,1.01088033776466,0.988174328800048,0.368249013856724
60,20000718,20000915,1.01082940882776,0.989052177824201,0.367944425993666
60,20000822,20001020,1.0106977347854,0.989582194690857,0.367797371437867
60,20000919,20001117,1.01080386046778,0.989371207074968,0.367836356617095
60,20001017,20001215,1.01075581664385,0.98768529986514,0.368474531334007
60,20001121,20010119,1.01077019305482,0.987693740235985,0.368466180433841
60,20001219,20010216,1.01049421853423,0.988536318973068,0.36825639589973
60,20010116,20010316,1.00932010964122,0.985974577146798,0.369630462452385
60,20010220,20010420,1.00866523743497,0.984721450358464,0.370334228765809
60,20010320,20010518,1.00787385911893,0.983951365250753,0.370910536372813
60,20010417,20010615,1.00786157436726,0.987294435821075,0.369677132550013
60,20010522,20010720,1.00654107894564,0.982398123239693,0.37197899098097
60,20010619,20010817,1.00611329368396,0.981598946114681,0.372434673600241
60,20010724,20010921,1.00597184448525,0.983111901573772,0.371923911253783
60,20010821,20011019,1.00566162722327,0.983418423566351,0.371924618376761
60,20010918,20011116,1.00471467747377,0.977916447763174,0.374329053588648
60,20011023,20011221,1.00380438296383,0.981336882604554,0.373389171806877
60,20011120,20020118,1.00337140946066,0.978297734423051,0.37468729779473
60,20011218,20020215,1.00307563116357,0.977992359831815,0.374912253552845
60,20020115,20020315,1.00280148248229,0.97901370371351,0.374631924627987
60,20020219,20020419,1.00307014719959,0.980086482672279,0.374130008151309
60,20020319,20020517,1.0032490074453,0.980715217164657,0.373828195291262
60,20020423,20020621,1.00312883464832,0.979901371723516,0.374177377819372
60,20020521,20020719,1.00307183097222,0.980212501153449,0.374082235884955
60,20020618,20020816,1.00302231781585,0.979420057699893,0.374397273211261
60,20020723,20020920,1.00291964488329,0.972557357936811,0.377014078422785
60,20020820,20021018,1.00286917356232,0.977590729644752,0.375140072914122
60,20020917,20021115,1.00292918092099,0.974363987086377,0.376329990448598
60,20021022,20021220,1.00291890541579,0.972499689513518,0.377036098851464
60,20021119,20030117,1.00224665222662,0.97425422024185,0.376627609648457
60,20021224,20030221,1.00225555590652,0.973614755158176,0.376865178910038
60,20030121,20030321,1.00216561335904,0.973395626486897,0.376981600303816
60,20030218,20030417,1.00210830063463,0.972947999890079,0.377171955108031
60,20030318,20030516,1.00203931461612,0.971418528840659,0.377775276457685
60,20030422,20030620,1.00211335525223,0.974339654447571,0.37664552730952
60,20030520,20030718,1.00197466851972,0.974350863273652,0.37669343778714
60,20030617,20030815,1.0017261308776,0.97494018305142,0.376564916403972
60,20030722,20030919,1.00177222346463,0.975653226969841,0.376279190990967
60,20030819,20031017,1.00181763703119,0.97611604908002,0.376088031672152
60,20030923,20031121,1.00184374122686,0.975609465799174,0.376268795472905
60,20031021,20031219,1.00185609982985,0.976907127583047,0.375776206981737
60,20031118,20040116,1.00184787614095,0.977242626322815,0.375653239216098
60,20031223,20040220,1.00186917624099,0.978542794799889,0.375157167941589
60,20040120,20040319,1.00179878430714,0.97693822598098,0.375786019594261
60,20040217,20040416,1.00179090866578,0.976900217625784,0.3758032572516
60,20040323,20040521,1.00177641335533,0.976690186177308,0.375887634911034
60,20040420,20040618,1.00184767323207,0.977849049694751,0.37542557940792
60,20040518,20040716,1.00203123068028,0.977405354640314,0.375523387851038
60,20040622,20040820,1.00244165284429,0.978694009562212,0.374886229735331
60,20040720,20040917,1.00258503886639,0.979242994484983,0.374626893906466
60,20040817,20041015,1.00277412231156,0.979109371637727,0.37460630674325
60,20040921,20041119,1.00313053312748,0.980391699005707,0.373993320176757
60,20041019,20041217,1.00329621511982,0.980167033715323,0.37401557867403
60,20041123,20050121,1.00378607529857,0.981208327018154,0.373443987132311
60,20041221,20050218,1.00407947347886,0.982528185555509,0.372842440337288
60,20050118,20050318,1.00428421243185,0.982281779117954,0.372858293973853
60,20050215,20050415,1.00446713087906,0.982184779724408,0.372826556824976
60,20050322,20050520,1.00489652089436,0.981490311635341,0.372926144277802
60,20050419,20050617,1.00503689697493,0.981153269743972,0.372999752085386
60,20050517,20050715,1.00522507294743,0.981551235855789,0.372781543388405
60,20050621,20050819,1.00555556994594,0.982493032178655,0.372308217212707
60,20050719,20050916,1.00579049062722,0.982678428578769,0.372152255765363
60,20050823,20051021,1.00614900113701,0.983115297209941,0.371857162439411
60,20050920,20051118,1.00636429710434,0.982979141155346,0.371828232609882
60,20051018,20051216,1.00666234631705,0.982688436595919,0.371826218820598
60,20051122,20060120,1.00699838224631,0.984023305843013,0.371206297461447
60,20051220,20060217,1.00725099340988,0.984186624678834,0.371052596816919
60,20060117,20060317,1.00738488207006,0.984241087301575,0.370983076009841
60,20060221,20060421,1.00769371408865,0.984598745816235,0.370736758434104
60,20060321,20060519,1.00792971716067,0.984402989029072,0.370722516118448
60,20060418,20060616,1.00811011193382,0.985164976962513,0.370373849770065
60,20060523,20060721,1.0083712120227,0.984654620702033,0.370466969838529
60,20060620,20060818,1.00873055174246,0.984996226961327,0.370208511375898
60,20060718,20060915,1.00881651585218,0.984539792183851,0.370345965067589
60,20060822,20061020,1.00867629293832,0.985037912215316,0.370212992920507
60,20060919,20061117,1.00865963283432,0.984925378189416,0.370260772346206
60,20061017,20061215,1.00863249025803,0.984921505077479,0.370272170267684
60,20061121,20070119,1.00862860046229,0.985657304789529,0.370001251231235
60,20061219,20070216,1.0086381054235,0.985266712010813,0.370142311184988
60,20070116,20070316,1.00861363833106,0.985628581186058,0.3700173680401
60,20070220,20070420,1.00862244261517,0.985592402498562,0.370027525019626
60,20070320,20070518,1.00859930852873,0.985709805551128,0.369992571476462
60,20070417,20070615,1.00861155881584,0.985729753060686,0.369980697392891
60,20070522,20070720,1.00861776845643,0.985064620798183,0.370224586016273
60,20070619,20070817,1.0086197950254,0.985342323215539,0.370121044360985
60,20070724,20070921,1.00862104044541,0.984207269551696,0.370540932585588
60,20070821,20071019,1.00856718518469,0.983325342973475,0.370887670152256
60,20070918,20071116,1.00862311393555,0.984076907221637,0.370588478469957
60,20071023,20071221,1.00785929386627,0.982601831856087,0.371416797955131
60,20071120,20080118,1.00777494492254,0.981843909699135,0.371729520168097
60,20071218,20080215,1.00779939725198,0.982330259639722,0.371539758572624
60,20080122,20080320,1.00552638829113,0.979444129925132,0.373455918638721
60,20080219,20080418,1.0048708981839,0.982389543572758,0.372600448424739
60,20080318,20080516,1.00403225758832,0.980940968630201,0.373452253300809
60,20080422,20080620,1.00465526978872,0.977878455501899,0.374365411285212
60,20080520,20080718,1.00404381576768,0.978451405442417,0.374378834798865
60,20080617,20080815,1.0043573391698,0.97820427578617,0.374354470164322
60,20080722,20080919,1.00430353032281,0.977592722955115,0.374603547253525
60,20080819,20081017,1.00429074608642,0.977043969340658,0.374813939893774
60,20080923,20081121,1.00574142847565,0.97496247406596,0.375053167388991
60,20081021,20081219,1.00486185519669,0.969259145898002,0.377528498493241
60,20081118,20090116,1.00276238744569,0.96120198434047,0.38137941350278
60,20081223,20090220,1.00149703159911,0.969020668236465,0.378887261807072
60,20090120,20090320,1.00112278354475,0.964944828041264,0.380576914411556
60,20090217,20090417,1.00143156072222,0.967498876669381,0.379489096537595
60,20090317,20090515,1.00148345310513,0.965436907985539,0.38025269445407
60,20090421,20090619,1.0012662094407,0.965732880192244,0.380222645485984
60,20090519,20090717,1.00078677663416,0.968955458110622,0.379180882432496
60,20090623,20090821,1.00083480708346,0.970357000444398,0.378631645065073
60,20090721,20090918,1.00062672520416,0.97121910203339,0.378384035972646
60,20090818,20091016,1.00056632965363,0.971554308385621,0.378280052618635
60,20090922,20091120,1.00047488954431,0.972305603822636,0.37803050685912
60,20091020,20091218,1.00045294375667,0.973206024244587,0.377698558627987
60,20091117,20100115,1.00041074294627,0.972991422077168,0.37779555831579
60,20091222,20100219,1.00040604092699,0.973976816254208,0.37742523806446
60,20100119,20100319,1.00039839537124,0.974335225937312,0.377292872886043
60,20100216,20100416,1.00040631111692,0.973673363039006,0.377539684379574
60,20100323,20100521,1.00045147388759,0.974393465877029,0.377250884068767
60,20100420,20100618,1.00048414384475,0.975203384585009,0.376933156386119
60,20100518,20100716,1.00074830722699,0.975308807062928,0.376793934259222
60,20100622,20100820,1.000754364239,0.974301206199757,0.377171500664633
60,20100720,20100917,1.00065470788407,0.973489722144394,0.377515286980361
60,20100817,20101015,1.00049534489406,0.973286663952392,0.3776520967258
60,20100921,20101119,1.00045238919146,0.973627037698014,0.377539785198381
60,20101019,20101217,1.00046632159275,0.973305388381994,0.377655980868528
60,20101123,20110121,1.00047479012531,0.973800245562472,0.377465946235187
60,20101221,20110218,1.00047971759521,0.974658505716971,0.377140263771386
60,20110118,20110318,1.00046951097326,0.975223650578693,0.376931030452843
60,20110215,20110415,1.00047426145029,0.975376913730918,0.376871475762588
60,20110322,20110520,1.0004641177711,0.974992440873114,0.377020223033221
60,20110419,20110617,1.00039794526646,0.975500276957969,0.376853732954192
60,20110517,20110715,1.00036521851323,0.974753053031739,0.377147770225482
60,20110621,20110819,1.00037277115114,0.974500674362771,0.377240118172126
60,20110719,20110916,1.00039225325249,0.974871686277353,0.377092839730579
60,20110823,20111021,1.00050080661618,0.974782190772275,0.377085671487057
60,20110920,20111118,1.00049127148991,0.973200517456403,0.37768616923871
60,20111018,20111216,1.00055125967018,0.973894599696477,0.377401486418802
60,20111122,20120120,1.00071617905008,0.971052204670801,0.378413363211488
60,20111220,20120217,1.00072206254843,0.972705654517489,0.377785971568164
60,20120117,20120316,1.00061509928468,0.973888014720846,0.377379893093193
60,20120221,20120420,1.00057544457715,0.974417662956342,0.377195015785339
60,20120320,20120518,1.0005776840774,0.974427175234629,0.377190583585848
60,20120417,20120615,1.00055102631581,0.974053140415368,0.377341745664438
60,20120522,20120720,1.0005800839077,0.973834233273178,0.377413396824609
60,20120619,20120817,1.0005686741834,0.97398646978341,0.377360248179644
60,20120724,20120921,1.00056225189478,0.972916488331807,0.377766657482831
60,20120821,20121019,1.0005240516076,0.973396050512423,0.37759995463433
60,20120918,20121116,1.00043795019862,0.974369370305486,0.377265073967083
60,20121023,20121221,1.00041158088557,0.973429006702477,0.377629960651824
60,20121120,20130118,1.00042364648309,0.973954645454931,0.377426963861801
60,20121218,20130215,1.00040706263026,0.973422590346431,0.377634089213138
60,20130115,20130315,1.00039064203807,0.973862577574771,0.377474167411671
60,20130219,20130419,1.00040097829986,0.974609443043999,0.377188453047175
60,20130319,20130517,1.00040786251612,0.974768079598422,0.377126026739928
60,20130423,20130621,1.00039169070448,0.974857919547891,0.377098243154108
60,20130521,20130719,1.00037728976254,0.974279561313182,0.37732183577216
60,20130618,20130816,1.00036841279449,0.975004592437555,0.377051710660413
60,20130723,20130920,1.00037067977479,0.974817523549294,0.377121397290645
60,20130820,20131018,1.00036341493037,0.974813779678451,0.377125547930327
60,20130917,20131115,1.00034281550241,0.97463846974549,0.377199434850242
60,20131022,20131220,1.00032822682137,0.974979549285702,0.377076300939421
60,20131119,20140117,1.00032774457088,0.975259982312986,0.376970752851272
60,20131224,20140221,1.00035550675681,0.976043105132331,0.376665200393677
60,20140121,20140321,1.00032227642478,0.97639592407024,0.37654483748204
60,20140218,20140417,1.00030790048752,0.97652152397459,0.376502957295512
60,20140318,20140516,1.00031438620899,0.976474146110462,0.376518354382518
60,20140422,20140620,1.00030451911583,0.975837187394642,0.376761973803182
60,20140520,20140718,1.00029776656398,0.975731371791718,0.376804386824543
60,20140617,20140815,1.00030694691383,0.976314130648708,0.376581408581251
60,20140722,20140919,1.00031185695778,0.976632858761955,0.376459552759628
60,20140819,20141017,1.00031006007904,0.976462779966709,0.376524262349529
60,20140923,20141121,1.0003252913576,0.976320475524411,0.376572113340384
60,20141021,20141219,1.00030992483244,0.976070087839759,0.376672200425962
60,20141118,20150116,1.00030869884864,0.976119175047264,0.37665417272214
60,20141222,20150220,1.00034530410766,0.976985372214028,0.376314286374551
60,20150120,20150320,1.00034266628572,0.976816035668419,0.376379008009653
60,20150217,20150417,1.00036646704811,0.977149106958678,0.376244715999002
60,20150316,20150515,1.00037133673899,0.976624554850883,0.376440295253339
60,20150420,20150619,1.00038385716606,0.976345693986223,0.376540571658794
60,20150518,20150717,1.00038162517688,0.976541019438446,0.376467870833574
60,20150622,20150821,1.0004072682938,0.976319259916866,0.37654171340629
60,20150720,20150918,1.00042028398538,0.976210952653316,0.376577598394969
60,20150817,20151016,1.00046167289039,0.976554216345837,0.37643278156624
60,20150921,20151120,1.00043653921149,0.974943900687636,0.377048917751121
60,20151020,20151218,1.0004294523182,0.975512514046466,0.376837253082034
60,20151116,20160115,1.00050079852642,0.975562465049198,0.376791559044325
60,20151221,20160219,1.00085019160836,0.976489065545024,0.376311170795947
60,20160119,20160318,1.00085326606016,0.975174977113597,0.376804844522635
60,20160216,20160415,1.00084396378062,0.975218832307466,0.376791822070163
60,20160321,20160520,1.00088646501172,0.975512564359758,0.376665167253985
60,20160418,20160617,1.00089481123995,0.975660635009603,0.376606257868993
60,20160516,20160715,1.00087017185166,0.975551355421314,0.376656687788034
60,20160620,20160819,1.00091462261984,0.975720775648526,0.376576155385575
60,20160718,20160916,1.00096830658468,0.975794765518479,0.376528098545215
60,20160822,20161021,1.00113854641858,0.976463285010695,0.376212481897956
60,20160919,20161118,1.0011603491129,0.976345065216545,0.376248766381486
60,20161017,20161216,1.00112030371692,0.97602159264797,0.376385547261975
60,20161121,20170120,1.00126326279206,0.97727484152894,0.375860465419372
60,20161219,20170217,1.00143597861451,0.97783697840346,0.375584452232626
60,20170117,20170317,1.00145196296392,0.977642897460534,0.375651357158851
60,20170221,20170421,1.00157310407713,0.978240952345034,0.375381356011642
60,20170320,20170519,1.00177458076134,0.97875204703799,0.375114091572522
60,20170417,20170616,1.0017910166757,0.978721770760708,0.375119294295771
60,20170522,20170721,1.00186816611328,0.979016987296936,0.374979691470011
60,20170619,20170818,1.00206386635159,0.979915626462207,0.374569704702659
60,20170717,20170915,1.00207420047343,0.979769659104093,0.3746205202429
60,20170821,20171020,1.00209500436162,0.979081033707878,0.374870799663452
60,20170918,20171117,1.00213093924559,0.979531980917588,0.374688354598657
60,20171016,20171215,1.00215885442824,0.980385737133271,0.374358170548076
60,20171120,20180119,1.00232782577461,0.98045383674948,0.374269573168333
60,20171218,20180216,1.00257976149081,0.981971706716756,0.373608004948708
60,20180116,20180316,1.00265814860537,0.981615085604129,0.373712046380042
60,20180220,20180420,1.00294595973994,0.981686619668265,0.373578079310093
60,20180319,20180518,1.00335567957133,0.981309752568776,0.373566287190677
60,20180416,20180615,1.0034366468217,0.980963578335174,0.373665475119226
60,20180521,20180720,1.00350179397598,0.981761053620452,0.373343365968574
60,20180618,20180817,1.00362440257716,0.981732159410793,0.37330854246845
60,20180723,20180921,1.00366238626257,0.981912540523684,0.373227085386714
60,20180820,20181019,1.00361690133572,0.981679829064262,0.373330868676693
60,20180917,20181116,1.00374793697003,0.982306373348109,0.373048327158874
60,20181022,20181221,1.00402617478479,0.980806741948992,0.373504646752783
60,20181119,20190118,1.00411850835925,0.980279441279174,0.373667284256235
60,20181217,20190215,1.00427748475327,0.979353605239708,0.373954193044308
60,20190114,20190315,1.00426071503429,0.980781453822291,0.373426859689153
60,20190219,20190418,1.00403809211571,0.980928805835538,0.373454625370991
60,20190318,20190517,1.00419449367553,0.981786414128686,0.373076369832109
60,20190422,20190621,1.00415287210856,0.981692966673338,0.373126699747535
60,20190520,20190719,1.0040636129616,0.979797619827091,0.373867807992461
60,20190617,20190816,1.00385840058116,0.979599255322932,0.37401842002812
60,20190722,20190920,1.00366315804192,0.97986697306014,0.373991040372161
60,20190819,20191018,1.00343086994634,0.978656561265154,0.374530679105927
60,20190916,20191115,1.0034272085787,0.979465221661247,0.374229298910511
60,20191021,20191220,1.00304621013187,0.979395719086532,0.374397467363864
60,20191118,20200117,1.00295469658903,0.979034556386516,0.374566884026802
60,20191223,20200221,1.002974892527,0.979912138693913,0.374230779274766
60,20200121,20200320,1.00273846705913,0.979631355673453,0.374424132510925
60,20200218,20200417,1.00265903666891,0.979295222691262,0.37457968172095
60,20200316,20200515,1.00100424174824,0.965185249662511,0.380530484667762
60,20200420,20200619,1.00107349979474,0.97975808021702,0.374999343296388
60,20200518,20200717,1.00040658796991,0.979487808035377,0.375350766312463
60,20200622,20200821,1.00040969590539,0.976376462092846,0.37651926134655
60,20200720,20200918,1.00035305522205,0.976250035565153,0.376588187855553
60,20200817,20201016,1.00031707192008,0.976917884580376,0.376350305317004
60,20200921,20201120,1.00030905620694,0.973605096257485,0.377602167428105
60,20201019,20201218,1.00030096211791,0.974941459214447,0.377100942247931
60,20201116,20210115,1.00031263166732,0.975857847809192,0.376751134342503
60,20201221,20210219,1.00028306757611,0.977792889378248,0.376033923759182
60,20210119,20210319,1.00026247760834,0.97759778051217,0.376115040474499
60,20210216,20210416,1.00021498290982,0.977622573224762,0.376123574866151
60,20210322,20210521,1.00023227972227,0.977301776860182,0.376237746982167
60,20210419,20210618,1.00024873364063,0.977300978971298,0.376231858127516
60,20210517,20210716,1.0002010316108,0.97781623160159,0.376055987779563
60,20210621,20210820,1.00019411844716,0.978639879058804,0.375748974835774
60,20210719,20210917,1.00017829287859,0.979016933640328,0.375613266809934
60,20210816,20211015,1.00017439278743,0.978569999534386,0.375782644034809
60,20210920,20211119,1.00017710539364,0.979329750929234,0.37549623267861
60,20211018,20211217,1.00020201296351,0.978377607669975,0.375844569430333
60,20211122,20220121,1.00028915993871,0.979414299274152,0.375422426095627
60,20211220,20220218,1.00089999235211,0.979761237233066,0.375063165885622
60,20220118,20220318,1.00081958541189,0.979123488737826,0.375332590353336
60,20220214,20220414,1.00079953159393,0.979977548751927,0.375019685062022
60,20220321,20220520,1.00090853276106,0.97975167529602,0.375063551917293
60,20220418,20220617,1.00109979496796,0.980560723145557,0.374688631549798
60,20220516,20220715,1.00163040894865,0.97881180000022,0.375145667686008
60,20220621,20220819,1.00214817765282,0.977898591395436,0.375294411009262
60,20220718,20220916,1.00306891099446,0.978938256229444,0.374560302461272
60,20220822,20221021,1.00425656705187,0.982181883584571,0.37290580785716
60,20220919,20221118,1.00476893028572,0.980566248868747,0.373318310527064
60,20221017,20221216,1.00541955250638,0.977490274971836,0.374226071644156
60,20221121,20230120,1.00609076206816,0.982057380185203,0.372272312917232
60,20221219,20230217,1.00676874565392,0.982975618853119,0.371680167464815
60,20230117,20230317,1.00680657147628,0.984215739495399,0.371205578147801
60,20230221,20230421,1.00684279897038,0.984377109209495,0.371132327345435
60,20230320,20230519,1.00725691799263,0.985184370835475,0.370680384826922
60,20230417,20230616,1.00750054607676,0.986155545668656,0.370231015294248
60,20230522,20230721,1.00771786551511,0.987164509858588,0.369777892175876
60,20230620,20230818,1.00781580804913,0.987452498643247,0.36963548985657
60,20230717,20230915,1.00810954183213,0.988478176916305,0.369148966515594
60,20230821,20231020,1.00839721332855,0.988157817118906,0.369161902875728
60,20230918,20231117,1.00850047416616,0.988593654050051,0.368963261351346
60,20231016,20231215,1.00856534606812,0.988240684350285,0.369069776736497
60,20231120,20240119,1.00857381031929,0.988823314048268,0.368851712814328
60,20231218,20240216,1.00868791867981,0.988415187485601,0.368960538138945
60,20240116,20240315,1.00859846112513,0.988436639685918,0.368985347429987
60,20240220,20240419,1.00844490253471,0.988117668267498,0.369159266288455
60,20240318,20240517,1.00864231323148,0.98865519337278,0.368888674495909
60,20240422,20240621,1.00857178886123,0.988312922287171,0.369040759399402
60,20240520,20240719,1.00870201445686,0.989740195508652,0.368466837113317
60,20240617,20240816,1.00891165820791,0.990063239541237,0.368271285600508
60,20240722,20240920,1.00866847792562,0.989696232918501,0.368495287667442
60,20240819,20241018,1.00858332293206,0.989998958993571,0.368414854169665
60,20240916,20241115,1.00847749738307,0.988907227672958,0.368855986031299
60,20241021,20241220,1.00787477932396,0.98893381183325,0.369066753722994
60,20241118,20250117,1.00788957281605,0.98913728128735,0.368986251605401
60,20241223,20250221,1.00790464463235,0.989663941070288,0.368786457777651
90,19960122,19960419,1.01319538541796,0.89667595696003,0.402610759284354
90,19960220,19960517,1.01268140981219,0.938768388280657,0.386211526918392
90,19960325,19960621,1.01311176723966,0.894736066495806,0.403425832495291
90,19960422,19960719,1.01323664128453,0.926374253195515,0.390813796736334
90,19960520,19960816,1.0133066465213,0.884645808963038,0.407438735597195
90,19960624,19960920,1.01369374067323,0.898037122257112,0.401865448782092
90,19960722,19961018,1.01368401945313,0.871762660247332,0.4125681400056
90,19960819,19961115,1.01342649956162,0.88117318567574,0.408807722932978
90,19960923,19961220,1.01392989476249,0.897922228600338,0.40181801411724
90,19961021,19970117,1.01337576600116,0.873577218691224,0.411945459229013
90,19961125,19970221,1.01323128444612,0.88684482189221,0.406573994840221
90,19961223,19970321,1.01368665342136,0.895501010983871,0.40288873454292
90,19970120,19970418,1.01345224367176,0.876615803439236,0.410664635729251
90,19970324,19970620,1.01407923322328,0.895306888299637,0.40281095165588
90,19970421,19970718,1.01421237637421,0.9088725916124,0.397331267609815
90,19970519,19970815,1.01422492234729,0.847266133379428,0.422573944529262
90,19970623,19970919,1.01402716269554,0.895426358748596,0.402783512489091
90,19970721,19971017,1.01389916131204,0.894480040495401,0.403215752502543
90,19970825,19971121,1.01395621945158,0.890202797291384,0.404921310649841
90,19970922,19971219,1.01390211053231,0.89328754036601,0.403695699885148
90,19971020,19980116,1.01407675836067,0.88945020553022,0.405177998315491
90,19971124,19980220,1.01405869067732,0.879635131681138,0.409181721189397
90,19971222,19980320,1.01413417413089,0.89704259638129,0.40209061133769
90,19980120,19980417,1.01343256581198,0.88419297189147,0.407572633431317
90,19980323,19980619,1.01374931639812,0.895773330726107,0.402754137907594
90,19980420,19980717,1.01378761076819,0.889467053369458,0.405286732958615
90,19980526,19980821,1.01366316445268,0.897125057608364,0.402244276214631
90,19980622,19980918,1.01376942415533,0.898182143307919,0.401777176935103
90,19980720,19981016,1.01376933516344,0.878040491562715,0.409951716546529
90,19980824,19981120,1.01372573411568,0.914809788473702,0.39516883387095
90,19980921,19981218,1.0132088213397,0.892192817426366,0.404414408578562
90,19981019,19990115,1.01211147448102,0.913707760512342,0.396235527561999
90,19981123,19990219,1.01232917025062,0.901358603465404,0.4010727733405
90,19981221,19990319,1.01244041789546,0.897940032693972,0.402401994202204
90,19990119,19990416,1.01187012517892,0.883272260013559,0.408577980632192
90,19990222,19990521,1.01212706070873,0.911533480659608,0.397091876664496
90,19990322,19990618,1.01210433957186,0.895049235006673,0.403700947978432
90,19990419,19990716,1.01206697329258,0.890532564412861,0.405543428616153
90,19990524,19990820,1.01226663457702,0.908374355113509,0.398293398079447
90,19990621,19990917,1.012670723598,0.897927696237206,0.402315441417352
90,19990719,19991015,1.01284029837594,0.896394152522098,0.402865422015532
90,19990823,19991119,1.01353238837379,0.89835708554556,0.401800842857362
90,19990920,19991217,1.01397982209508,0.899880685549283,0.401012094530779
90,19991025,20000121,1.01439067097708,0.898920753365113,0.401234649715015
90,19991122,20000218,1.01410538214781,0.901385411270755,0.40035955897334
90,19991220,20000317,1.01481719568173,0.900772633003681,0.400323973277076
90,20000124,20000420,1.01452099346427,0.903355541513747,0.399407885434925
90,20000222,20000519,1.01484145951773,0.894468444179563,0.402846031062876
90,20000320,20000616,1.01532343751076,0.901610209773345,0.399789376560887
90,20000424,20000721,1.01560249837074,0.896438742256194,0.401751808388545
90,20000522,20000818,1.0165517889028,0.897525011031851,0.400940872738653
90,20000619,20000915,1.01646708089115,0.901236151052201,0.399488971524084
90,20000724,20001020,1.01628863419358,0.902899604159241,0.398895021091956
90,20000821,20001117,1.01613376290782,0.903438891692605,0.398740723705451
90,20000918,20001215,1.01627652604345,0.90300569310742,0.398857457005432
90,20001023,20010119,1.0161943454814,0.903089110341378,0.398856440082449
90,20001120,20010216,1.01612871691046,0.900785006099596,0.399802326767582
90,20001218,20010316,1.01553082334196,0.900982606321255,0.399958670576419
90,20010122,20010420,1.0133010831315,0.898693346199737,0.401757443603882
90,20010220,20010518,1.01264829681403,0.896384624672983,0.402945645857042
90,20010319,20010615,1.01164369303957,0.897143745029553,0.403039715637296
90,20010423,20010720,1.01034355758519,0.895978851133168,0.404028733845036
90,20010521,20010817,1.00981595100976,0.89490604401761,0.404673734024663
90,20010625,20010921,1.00893022156476,0.894012599902853,0.405391025399651
90,20010723,20011019,1.0089143865134,0.895662696361498,0.404728994881952
90,20010820,20011116,1.0085225573594,0.894898476706364,0.405195779661938
90,20010924,20011221,1.00631237114206,0.890921336050401,0.407703996104646
90,20011022,20020118,1.00565073349002,0.891035894203087,0.407925498817523
90,20011119,20020215,1.00509266737691,0.888874212419243,0.409035243786479
90,20011217,20020315,1.00467384623301,0.888374876495655,0.409410141590527
90,20020122,20020419,1.00438882656824,0.889818468602853,0.408935559184753
90,20020219,20020517,1.00466024253673,0.891687723146158,0.408061598045475
90,20020325,20020621,1.005317865126,0.893089268531537,0.407223524624697
90,20020422,20020719,1.00483589205859,0.89259424910866,0.407620580990046
90,20020520,20020816,1.00476823247649,0.892712591515617,0.407599790352529
90,20020624,20020920,1.00461061628637,0.889212119522051,0.409093255866872
90,20020722,20021018,1.00442101232919,0.883686982890065,0.411437459885484
90,20020819,20021115,1.0043078845757,0.888158899379343,0.409647792324857
90,20020923,20021220,1.00420161963139,0.880097180984545,0.413007305027711
90,20021021,20030117,1.00435113387151,0.880346989055775,0.412842677759237
90,20021125,20030221,1.00341992935022,0.88405721381527,0.411695488492693
90,20021223,20030321,1.00337982684333,0.881454775634133,0.412784793188411
90,20030121,20030417,1.00315372818618,0.882154726193145,0.412588936912828
90,20030324,20030620,1.00308312119202,0.881159503396758,0.413028830266379
90,20030421,20030718,1.00314942385947,0.883385704321813,0.412083129590726
90,20030519,20030815,1.00292118886494,0.884418935958428,0.411751253155704
90,20030623,20030919,1.00236582780929,0.885066867816652,0.411712535939088
90,20030721,20031017,1.00266851357614,0.8873888876532,0.410633640739249
90,20030825,20031121,1.00280698471408,0.885801626444109,0.41122914931843
90,20030922,20031219,1.00279110714521,0.886066165795923,0.411126886837289
90,20031020,20040116,1.00284104440676,0.888247811252748,0.410210503643234
90,20031124,20040220,1.00283179771763,0.889311325567251,0.409778249162932
90,20031222,20040319,1.0028208766833,0.890053652425615,0.409478631941008
90,20040120,20040416,1.0027006470488,0.888928790542844,0.409988652130687
90,20040223,20040521,1.00273244260196,0.888117942499981,0.410308214602885
90,20040322,20040618,1.00268507546414,0.88739888086079,0.410622754623895
90,20040419,20040716,1.00286132078595,0.889325425701429,0.409760408051458
90,20040524,20040820,1.00343556922676,0.888800496776879,0.409740937839923
90,20040621,20040917,1.00396514535212,0.890639552711917,0.408772358899923
90,20040719,20041015,1.00407177245188,0.890702209047029,0.40870334078652
90,20040823,20041119,1.00449903245776,0.890387101972853,0.408658251128323
90,20040920,20041217,1.00483375837934,0.891966847524236,0.407877269122531
90,20041025,20050121,1.00519908048691,0.892446107228171,0.407533671951668
90,20041122,20050218,1.00588869929604,0.894067321885815,0.406594562667222
90,20041220,20050318,1.00631963291841,0.895200023330984,0.405960355336264
90,20050222,20050520,1.0070696850782,0.895097463089739,0.405699607957813
90,20050321,20050617,1.00759035783979,0.894413940971219,0.405767218609312
90,20050418,20050715,1.00775371825582,0.893858097174953,0.405927011633189
90,20050523,20050819,1.00820292134141,0.895569426392823,0.405052380108893
90,20050620,20050916,1.00851523718005,0.895679718174107,0.404882286302511
90,20050725,20051021,1.00909507117161,0.896563435489803,0.404292199814157
90,20050822,20051118,1.00948376752805,0.896226625725257,0.404272669307194
90,20050919,20051216,1.00960268516327,0.896263869729263,0.404209996737899
90,20051024,20060120,1.01035758872398,0.896091254966145,0.403977711781472
90,20051121,20060217,1.01073155113495,0.89755296013462,0.403238396696224
90,20051219,20060317,1.01104313568354,0.897710519816669,0.403050616648454
90,20060123,20060421,1.01131265234523,0.89803459814775,0.402812638922764
90,20060221,20060519,1.01161442265073,0.898603910089855,0.402463285244315
90,20060320,20060616,1.01198869612977,0.898525246491092,0.40234608713641
90,20060424,20060721,1.01243887678361,0.899314841714697,0.401849760112175
90,20060522,20060818,1.01269076644372,0.898092952356159,0.402241000641738
90,20060619,20060915,1.01321878434915,0.89855506366462,0.401845640778625
90,20060724,20061020,1.01329971298676,0.898406157088279,0.401873383933646
90,20060821,20061117,1.01310285895439,0.89896559355669,0.401726667739791
90,20060918,20061215,1.01306779448837,0.898845282130602,0.401788909256918
90,20061023,20070119,1.01304507722474,0.899309799717435,0.401611320407968
90,20061120,20070216,1.01295634376734,0.899940934302682,0.401393087937138
90,20061218,20070316,1.01297344245139,0.899402949141435,0.401602310520443
90,20070122,20070420,1.01297729925303,0.899889336000082,0.401405495616588
90,20070220,20070518,1.01281931083465,0.900105902478051,0.401381175237414
90,20070319,20070615,1.01290876192157,0.899176156096973,0.401719052084345
90,20070423,20070720,1.01293932963458,0.899409495886439,0.401613206036992
90,20070521,20070817,1.01295557859587,0.89789725742125,0.402214548341489
90,20070625,20070921,1.0129514786401,0.89853145241462,0.4019611737026
90,20070723,20071019,1.01295526733984,0.89743483620351,0.402400707540522
90,20070820,20071116,1.01261229525145,0.887814909320593,0.406428063156424
90,20070924,20071221,1.01234455576112,0.896249578786726,0.403120980705446
90,20071022,20080118,1.0117132580828,0.893077654355758,0.404654022153458
90,20071119,20080215,1.01157628945162,0.892705860272635,0.40485930910579
90,20071224,20080320,1.01121462674029,0.895833594913578,0.40373934133877
90,20080122,20080418,1.00798353799539,0.889021287519782,0.407802159371949
90,20080219,20080516,1.00707552813475,0.894130083911019,0.40608990705494
90,20080324,20080620,1.00613860771285,0.891363352786724,0.407594204635031
90,20080421,20080718,1.00701776522718,0.888698664683174,0.408324972660157
90,20080519,20080815,1.00619920606053,0.88960523158035,0.408286844397595
90,20080623,20080919,1.0069500957782,0.888089721206517,0.408601152337075
90,20080721,20081017,1.00664931697559,0.887154771642368,0.409105553417488
90,20080825,20081121,1.00674012536379,0.88756576041026,0.408900563844567
90,20080922,20081219,1.00815961857244,0.883980981298955,0.409791211116578
90,20081020,20090116,1.00744396956471,0.876409210443631,0.413199145228951
90,20081124,20090220,1.00449195386353,0.865840457488787,0.418816520874882
90,20081222,20090320,1.00246595107188,0.873618044760542,0.416411651816627
90,20090120,20090417,1.00188236687584,0.86606518794805,0.419813050191325
90,20090217,20090515,1.00243005286376,0.871824268121232,0.417174210608887
90,20090323,20090619,1.00251594434002,0.869265164001813,0.418207336687097
90,20090420,20090717,1.00210086990716,0.867909391320254,0.418948173564909
90,20090526,20090821,1.00150559810033,0.876798957083125,0.415487220155984
90,20090622,20090918,1.00140924276535,0.877399836242226,0.415277591593222
90,20090720,20091016,1.00103908629606,0.878992250451981,0.414770137696318
90,20090824,20091120,1.0009139870659,0.880454524269122,0.414215837702643
90,20090921,20091218,1.00081213324168,0.880874128065299,0.414084205171222
90,20091019,20100115,1.00074459384194,0.882482969926519,0.413446446047849
90,20091123,20100219,1.00062903793266,0.88267350134545,0.413415416063467
90,20091221,20100319,1.00066120023042,0.882934015839352,0.413294445240379
90,20100119,20100416,1.00061853262616,0.884639766028503,0.412607662425637
90,20100222,20100521,1.00067444268749,0.883570209438359,0.413026127714216
90,20100322,20100618,1.00075280168194,0.884385931185671,0.412657037099664
90,20100419,20100716,1.00076193927279,0.885395729743669,0.412236782922129
90,20100524,20100820,1.00157939213256,0.883741294989703,0.412582356425658
90,20100621,20100917,1.00124424478369,0.885131224721806,0.412147206517952
90,20100719,20101015,1.00108290180483,0.882574544331047,0.413268878542634
90,20100823,20101119,1.00073709077729,0.881383627654822,0.413904318370915
90,20100920,20101217,1.0007568351226,0.883538418504902,0.413005252835392
90,20101025,20110121,1.0007310589212,0.883229226462673,0.41314361173589
90,20101122,20110218,1.00073970636768,0.883900646820685,0.412862744206656
90,20101220,20110318,1.00078031727789,0.885177605485382,0.412319139738121
90,20110118,20110415,1.00073934627614,0.885507012289247,0.412200216463675
90,20110222,20110520,1.00076566023441,0.884950960044199,0.412418640707027
90,20110321,20110617,1.00074120564766,0.885413738658658,0.412237899730397
90,20110418,20110715,1.00063820967564,0.885791894351897,0.412124454813341
90,20110523,20110819,1.00062569570117,0.885249031214234,0.412353399614336
90,20110620,20110916,1.00065654649694,0.884757829083903,0.412543278907026
90,20110725,20111021,1.00067767306367,0.884719963699232,0.412550190262158
90,20110822,20111118,1.00089359352346,0.881705511721417,0.413706412104681
90,20110919,20111216,1.00084162012802,0.881892036960794,0.413650732252467
90,20111024,20120120,1.0010244455183,0.882836532489397,0.41318474829067
90,20111121,20120217,1.0013309756267,0.879040115105146,0.414629385074789
90,20111219,20120316,1.00122506778794,0.880557103925286,0.41404466606523
90,20120123,20120420,1.00107994711673,0.884313539169867,0.412552048261614
90,20120221,20120518,1.00094181632975,0.885052804940305,0.412304065805157
90,20120319,20120615,1.00093458279344,0.88527578166823,0.412215120809891
90,20120423,20120720,1.00099658462868,0.884454492690304,0.41252825397912
90,20120521,20120817,1.00098863812641,0.88363346653855,0.412870367150264
90,20120625,20120921,1.00092667238248,0.883173605356529,0.413085845757734
90,20120723,20121019,1.00088639789455,0.883122143950223,0.413123727225818
90,20120820,20121116,1.00084771908897,0.883589584969214,0.412946619513511
90,20120924,20121221,1.00072732924951,0.884115616150362,0.412779106157567
90,20121022,20130118,1.00064379739522,0.884322192710584,0.412728295379203
90,20121119,20130215,1.00067871342727,0.883663596879608,0.412985795495853
90,20121217,20130315,1.00064219580442,0.883443256845835,0.413091877727746
90,20130122,20130419,1.00064412731203,0.884826021756282,0.412520267241645
90,20130219,20130517,1.00063469115512,0.885353153119086,0.412306760260765
90,20130325,20130621,1.00067392425406,0.885666037053861,0.41216161615806
90,20130422,20130719,1.00061937464916,0.885571279729977,0.412223144805877
90,20130520,20130816,1.00059959865496,0.884447222583856,0.412694924098646
90,20130624,20130920,1.00066656373791,0.885245566740656,0.412337987297537
90,20130722,20131018,1.00060332476714,0.885824183010115,0.412125515873755
90,20130819,20131115,1.00059087862137,0.885335999835217,0.412331886582403
90,20130923,20131220,1.0005668719713,0.885243982836453,0.412379723880357
90,20131021,20140117,1.00053757691472,0.886585568137938,0.41183891025815
90,20131125,20140221,1.00052636530256,0.886330082109401,0.411948758916068
90,20131223,20140321,1.00056606501934,0.887473837573698,0.41146153330747
90,20140121,20140417,1.00051028384916,0.887506998001213,0.4114708286325
90,20140218,20140516,1.00049889384334,0.887257115103034,0.411578346491998
90,20140324,20140620,1.00052438590702,0.887184224845508,0.411597860390203
90,20140421,20140718,1.00049341093803,0.886913792676376,0.411721931134585
90,20140519,20140815,1.00047490963252,0.886901540648658,0.411734589464662
90,20140623,20140919,1.00050683759546,0.887314685738065,0.411551384715292
90,20140721,20141017,1.00050000108022,0.88804029538376,0.411255677508897
90,20140825,20141121,1.0005266674929,0.887769166672709,0.41135623193481
90,20140922,20141219,1.00051656462446,0.887402617672259,0.411511197043415
90,20141020,20150116,1.00050715148231,0.886224828037002,0.412000032412514
90,20141124,20150220,1.00052057805159,0.887966231698804,0.411277679128108
90,20141222,20150320,1.0005560555132,0.888572304296396,0.411013916374149
90,20150120,20150417,1.00054933410546,0.887769916597112,0.411346604522712
90,20150217,20150515,1.0006078075255,0.888610854412404,0.410976814988313
90,20150323,20150619,1.00062205270966,0.888249388018182,0.411119543231508
90,20150420,20150717,1.00062221666443,0.887831384556982,0.411291361154111
90,20150526,20150821,1.00066037650447,0.887988987142543,0.411210863696662
90,20150622,20150918,1.00066913084455,0.887952814624793,0.411222140895258
90,20150720,20151016,1.00071440725134,0.88799278255634,0.411187100899808
90,20150824,20151120,1.00071997932986,0.886965748328158,0.411607329189785
90,20150921,20151218,1.00073351817281,0.885451056452141,0.412225682836077
90,20151019,20160115,1.00071711623395,0.886373170172515,0.411852489308575
90,20151123,20160219,1.00101638733529,0.887387743039137,0.411311841309577
90,20151221,20160318,1.00137327367634,0.887511908373237,0.411114201738636
90,20160119,20160415,1.00137981097674,0.885398585632746,0.411981247870826
90,20160222,20160520,1.00143726550368,0.886324869943678,0.411576198457996
90,20160321,20160617,1.00143314608331,0.886478617581913,0.411514617222507
90,20160418,20160715,1.00142214251786,0.886741503635023,0.411410970496431
90,20160523,20160819,1.00163015324348,0.886417247786175,0.411458928215563
90,20160620,20160916,1.00145351784885,0.886668310882463,0.411428193536007
90,20160725,20161021,1.00174256450502,0.887150552777339,0.411111175617626
90,20160822,20161118,1.00184407225451,0.887678648644819,0.410852494655667
90,20160919,20161216,1.00184928592894,0.887502451206439,0.410922753716767
90,20161024,20170120,1.00197274135957,0.887940445529628,0.410692202700145
90,20161121,20170217,1.00203561096447,0.888762828217191,0.410328848961378
90,20161219,20170317,1.0022472022919,0.889125983594645,0.410093266984376
90,20170123,20170421,1.00238804753711,0.88947210087466,0.4098937490375
90,20170221,20170519,1.0024903409063,0.88930226145034,0.409921538710345
90,20170320,20170616,1.00274131522975,0.890711556812998,0.409241791034803
90,20170424,20170721,1.00284396268374,0.89167905256704,0.40880419482159
90,20170522,20170818,1.00286275890896,0.890970190748968,0.409086415765249
90,20170619,20170915,1.00309729711981,0.891678145995376,0.408701320936888
90,20170724,20171020,1.00316628170005,0.89190498659945,0.40858052267102
90,20170821,20171117,1.00315207255201,0.891021151861688,0.408947592417654
90,20170918,20171215,1.00322512179535,0.891289003207167,0.408808300621291
90,20171023,20180119,1.00337231731153,0.893097298246595,0.408009858431424
90,20171120,20180216,1.0035599633741,0.892637935068637,0.408121001284091
90,20171218,20180316,1.00391316235761,0.894746923393991,0.407117902301015
90,20180122,20180420,1.00417414508336,0.894807296681509,0.406987521307234
90,20180220,20180518,1.00460185008845,0.894256718912709,0.407038292637098
90,20180319,20180615,1.00512834450563,0.893570265139315,0.407104445149499
90,20180423,20180720,1.00538259522225,0.893462589265487,0.40704531930479
90,20180521,20180817,1.00533389953751,0.894501945126246,0.406642169852835
90,20180625,20180921,1.00555644080211,0.893943651529782,0.406779214087191
90,20180723,20181019,1.00556541158962,0.894658541450228,0.406484889308241
90,20180820,20181116,1.00550376194928,0.894078579128694,0.406745640541531
90,20180924,20181221,1.00585823331191,0.894869555559087,0.406280814903284
90,20181022,20190118,1.00617168091928,0.893441928587375,0.406734499134584
90,20181119,20190215,1.00625917773702,0.892356679540905,0.407140741956671
90,20181217,20190315,1.00646003854413,0.890402754946582,0.407855629332734
90,20190118,20190418,1.00651934896091,0.893421142630257,0.406602458001942
90,20190219,20190517,1.00614871597867,0.89306484589543,0.406897187648146
90,20190325,20190621,1.00616339454599,0.894009179517284,0.406507191846298
90,20190422,20190719,1.00617577919799,0.894478915786043,0.406311284316606
90,20190520,20190816,1.0060034555706,0.892064542926326,0.407363223881911
90,20190624,20190920,1.0052986294311,0.891490889647029,0.407882746980694
90,20190722,20191018,1.00531677959694,0.891688125619194,0.407794943229269
90,20190819,20191115,1.00494371438478,0.890195579018353,0.408555662451413
90,20190923,20191220,1.00490479611559,0.891319737482728,0.408112444096148
90,20191021,20200117,1.00451065558331,0.891318267583978,0.408273175574477
90,20191125,20200221,1.0044105500667,0.891298392105208,0.408321982016496
90,20191223,20200320,1.00438228337078,0.892045988360441,0.408028319075217
90,20200121,20200417,1.0040874168223,0.891984393481456,0.408173283815924
90,20200218,20200515,1.00391976990121,0.891381428329278,0.408487675223455
90,20200323,20200619,1.00190264886602,0.887925305581662,0.410727152814885
90,20200420,20200717,1.00146028386335,0.88787298763712,0.410930077653547
90,20200526,20200821,1.00065427768997,0.888285899604097,0.41109129370563
90,20200622,20200918,1.00063938927018,0.886531041363034,0.411819461336149
90,20200720,20201016,1.00055495023792,0.886474680446142,0.411877428821367
90,20200824,20201120,1.00050253190299,0.888018386053344,0.411263647628882
90,20200921,20201218,1.00049810088778,0.883216226683941,0.413245181004283
90,20201019,20210115,1.00048289339339,0.885167827374885,0.412445747028333
90,20201123,20210219,1.00050425612027,0.88712975974256,0.411628560372904
90,20201221,20210319,1.00042281095232,0.888696171012441,0.411017744025906
90,20210119,20210416,1.00040620369482,0.889439912613902,0.410718984713314
90,20210222,20210521,1.00033764312266,0.889357756715342,0.410780881023504
90,20210322,20210618,1.00036482188005,0.888847498756891,0.410979372583941
90,20210419,20210716,1.00039620748237,0.88912471057487,0.410852569881837
90,20210524,20210820,1.00030430035748,0.890140166824865,0.410473289304533
90,20210621,20210917,1.00030355382048,0.890510530141102,0.410321599431577
90,20210719,20211015,1.00028307847011,0.891025722786756,0.410118653981204
90,20210823,20211119,1.00029726034923,0.891263494339779,0.410015337881714
90,20210920,20211217,1.00029995841004,0.89090429625,0.410161534749888
90,20211025,20220121,1.00035863221097,0.89095080228506,0.410118404216906
90,20211122,20220218,1.00045429466253,0.892111091862655,0.40960365442336
90,20211220,20220318,1.0013360523132,0.892431939287153,0.409111681677789
90,20220114,20220414,1.00129691931098,0.891700619727036,0.40942698321103
90,20220222,20220520,1.00135423860391,0.891557652847428,0.40946208221603
90,20220321,20220617,1.00152441032564,0.892038295333003,0.409195785253509
90,20220418,20220715,1.00192453262469,0.893556318159144,0.408411921961406
90,20220523,20220819,1.00297604625032,0.890785710531722,0.409115675753854
90,20220621,20220916,1.00359906442907,0.889781077561473,0.40927266565984
90,20220725,20221021,1.00527427540964,0.89113215183772,0.408038981205812
90,20220822,20221118,1.0065492997165,0.894508505938851,0.406148488032415
90,20220919,20221216,1.00733249303257,0.892428366461802,0.406677777953198
90,20221024,20230120,1.00855714616644,0.888444214566734,0.407805491043682
90,20221121,20230217,1.0093773573347,0.893946591823503,0.405238192677011
90,20221219,20230317,1.01032020142956,0.895059033227465,0.404409886439343
90,20230123,20230421,1.01051494817019,0.897726219805591,0.403254956607592
90,20230221,20230519,1.01048826983192,0.897782563930878,0.403242882108715
90,20230320,20230616,1.01103554188219,0.89890984341045,0.402570541938103
90,20230424,20230721,1.01138634124247,0.900871211037782,0.401642368945311
90,20230522,20230818,1.011589224469,0.901772306384252,0.401200133487821
90,20230620,20230915,1.01185226602523,0.902044714691379,0.400986590368725
90,20230724,20231020,1.01226738092191,0.903805094925621,0.400117173392068
90,20230821,20231117,1.01264290133835,0.902913569664144,0.400325538415672
90,20230918,20231215,1.01278835718092,0.903358870425103,0.40008984400114
90,20231023,20240119,1.01285851989131,0.902232392571127,0.400513044041089
90,20231120,20240216,1.01283904767785,0.903561766251518,0.399988656070365
90,20231218,20240315,1.01294175821015,0.903122718945956,0.40012373260431
90,20240122,20240419,1.01287235426986,0.903172940160384,0.400131054271456
90,20240220,20240517,1.01255786079939,0.902554756959812,0.400502839827255
90,20240325,20240621,1.01281272101313,0.90346893039185,0.400036189201525
90,20240422,20240719,1.01275863163083,0.902947725181697,0.4002661207521
90,20240520,20240816,1.01295670764079,0.904827263107796,0.399436389921428
90,20240624,20240920,1.01321205465699,0.904962125956267,0.399281873099284
90,20240722,20241018,1.01288492944241,0.904811349242124,0.399471053101829
90,20240819,20241115,1.01265631605314,0.904593157282451,0.399648426708976
90,20240923,20241220,1.01224052305932,0.904123647063178,0.400000348471251
90,20241021,20250117,1.01156950653246,0.903779950202655,0.400403279200757
90,20241125,20250221,1.01163667397456,0.904479963353169,0.400096523616032
90,20241223,20250321,1.01168286508287,0.904653319430819,0.400008906144799
180,19960325,19960920,1.026916824633,0.912088243579106,0.391155858797361
180,19960624,19961220,1.02866652335642,0.922566642668789,0.386420173705014
180,19960923,19970321,1.02915893612387,0.92147862299893,0.386655746871526
180,19961223,19970620,1.02790932692034,0.919308101884837,0.387966973959487
180,19970324,19970919,1.02928549036725,0.921905899836672,0.386443052751815
180,19970623,19971219,1.02905198778249,0.927294712509446,0.384453401164417
180,19970922,19980320,1.02879415136101,0.923178256203573,0.386135997756605
180,19971222,19980619,1.02901506792519,0.932969584246331,0.382291571914133
180,19980323,19980918,1.02830476183169,0.92899639517509,0.384078630972892
180,19980622,19981218,1.02849227892132,0.934333965856634,0.381964392216297
180,19980921,19990319,1.02640023717011,0.951016825024113,0.376410645065352
180,19981221,19990618,1.02496589176181,0.939728554677916,0.381216474606785
180,19990322,19990917,1.02519359636335,0.935945169347041,0.382576502719806
180,19990621,19991217,1.02697297435092,0.939692379434733,0.380485201419775
180,19990726,20000121,1.02774406759398,0.946058619347084,0.37778697746418
180,19990920,20000317,1.02919208472432,0.945205542493928,0.377577416996314
180,19991220,20000616,1.030757540476,0.944237643314497,0.377369052442851
180,20000320,20000915,1.03245229799581,0.945428313197357,0.376301288411235
180,20000619,20001215,1.03426004863353,0.941831580436758,0.37699708539412
180,20000918,20010316,1.03338189926356,0.942910246368506,0.376910670693086
180,20001218,20010615,1.03099220558393,0.947576082670863,0.376025722276333
180,20010326,20010921,1.02279570222575,0.94060349607489,0.381691244169367
180,20010625,20011221,1.01845095735004,0.919092472336904,0.391654472334655
180,20010917,20020315,1.01410033778089,0.913241902125179,0.395642697191982
180,20011224,20020621,1.01020600359657,0.907999691838088,0.399255400306626
180,20020325,20020920,1.01252009722882,0.913823551515527,0.396029759447246
180,20020624,20021220,1.01012457821408,0.914513795146513,0.396695036640491
180,20020923,20030321,1.00846224400255,0.916969876716388,0.396374218932841
180,20021223,20030620,1.00691617868547,0.901301585515669,0.403251856903293
180,20030324,20030919,1.00627926581682,0.900310841704201,0.403907060774661
180,20030623,20031219,1.00479301566971,0.892316916767993,0.407751041790771
180,20030922,20040319,1.00584580957019,0.895338459730353,0.406095368632211
180,20031222,20040618,1.0061245299366,0.898770760061943,0.404591804083288
180,20040322,20040917,1.00571651982127,0.900470363375735,0.404068603052501
180,20040621,20041217,1.00971378518759,0.903380335766109,0.401299500884382
180,20040920,20050318,1.01062276311724,0.90389621040714,0.400731781960155
180,20041220,20050617,1.01389989576627,0.909563785541614,0.397179101116291
180,20050321,20050916,1.01686822997428,0.908957609737192,0.396259828216272
180,20050620,20051216,1.01839268839614,0.910765805529777,0.394951860261412
180,20050919,20060317,1.02025706347971,0.912801337762559,0.393428489761957
180,20051219,20060616,1.02333400956877,0.917114686118409,0.390557286582856
180,20060320,20060915,1.02504011661625,0.917104443268481,0.389911225280594
180,20060619,20061215,1.02764950768915,0.92437955517623,0.386101991302627
180,20060918,20070316,1.02697075462459,0.919882433670254,0.388098584565289
180,20061218,20070615,1.02655057642711,0.920008848316588,0.388208359167747
180,20070326,20070921,1.02626168244502,0.920843551015248,0.387993645775659
180,20070625,20071221,1.02655991723141,0.922814518095796,0.387117178761988
180,20070924,20080320,1.02423321989918,0.921013192421855,0.388696110768479
180,20071224,20080620,1.02207454469565,0.923554710110633,0.388528349850958
180,20080324,20080919,1.01200778947426,0.921057060314662,0.393374447441592
180,20080623,20081219,1.01537899341338,0.909623107563693,0.39657700580144
180,20080922,20090320,1.01599980051573,0.912678289297782,0.3951256584112
180,20081222,20090619,1.00557796364591,0.927447790910917,0.393367788822034
180,20090323,20090918,1.0055895043473,0.905698618937134,0.402012313605728
180,20090622,20091218,1.00364525093176,0.8997805560144,0.405181899101955
180,20090921,20100319,1.00210877513144,0.893256243155259,0.408459383532937
180,20091221,20100618,1.00176493771243,0.893532533742654,0.408486703091815
180,20100322,20100917,1.00190041350509,0.888825460387685,0.410358516703534
180,20100621,20101217,1.00305478925473,0.902966027271757,0.40413101455562
180,20100920,20110318,1.00180877185099,0.896745200026095,0.407158661414365
180,20101220,20110617,1.00193131331857,0.891396046932751,0.409292386198646
180,20110321,20110916,1.00173649083692,0.893788655715925,0.408393691124679
180,20110620,20111216,1.00174244533158,0.892226916535775,0.409029562512146
180,20110919,20120316,1.00207302198937,0.907832842456771,0.402562981454584
180,20111219,20120615,1.00298030723268,0.900612470368761,0.405113361829485
180,20120326,20120921,1.00216253095384,0.887888409188175,0.410635793217005
180,20120521,20121116,1.00241716945971,0.896851962256982,0.406868103916824
180,20120625,20121221,1.00206158692368,0.892956178306056,0.408601206811293
180,20120917,20130315,1.00150347765456,0.883094113307218,0.412880752792755
180,20121224,20130621,1.00152258496975,0.884718797525595,0.412202632312529
180,20130325,20130920,1.00154765883558,0.883799008933153,0.412571616970438
180,20130624,20131220,1.00160449401739,0.89087515869804,0.409639257276155
180,20130722,20140117,1.00140245063366,0.88390344536316,0.412588350347164
180,20130923,20140321,1.00128884513621,0.883373268848489,0.412853989794222
180,20131223,20140620,1.00131715817644,0.886278526199354,0.411644643461363
180,20140324,20140919,1.00119542712463,0.88770610586858,0.41110738590505
180,20140623,20141219,1.00114407096687,0.883782313354314,0.412744826545985
180,20140721,20150116,1.00115069174105,0.884904385012026,0.412279230520821
180,20140922,20150320,1.00122191204647,0.886861568108133,0.4114438442203
180,20141222,20150619,1.00142255815893,0.893629249721027,0.408586843126731
180,20150323,20150918,1.00166615304981,0.891096221238595,0.409523501016817
180,20150622,20151218,1.00177475145458,0.888231514775678,0.410653825459176
180,20150720,20160115,1.00198344873318,0.887526277670956,0.410857942891141
180,20150921,20160318,1.00192505504067,0.892871190797084,0.408691618923284
180,20151221,20160617,1.00331315610921,0.89691306811777,0.406479920280575
180,20160321,20160916,1.00341956283339,0.889747130790414,0.409359776600761
180,20160620,20161216,1.00338140169947,0.89120525453563,0.408778860657009
180,20160725,20170120,1.00397825041317,0.889559276977822,0.409208842836771
180,20160919,20170317,1.00424148099596,0.892375683459037,0.407951006160355
180,20161219,20170616,1.00510033655983,0.893607697882976,0.407100550273225
180,20170320,20170915,1.00616738990038,0.894599572676239,0.406265650381866
180,20170619,20171215,1.00660206936957,0.893737519673443,0.406440435513586
180,20170724,20180119,1.00677652313311,0.893559745666781,0.406442256151841
180,20170918,20180316,1.00700108885469,0.894654342336488,0.405907069938175
180,20171218,20180615,1.00852967165788,0.902097883789251,0.402286248286742
180,20180326,20180921,1.01120449082016,0.909304194505235,0.398341189858144
180,20180625,20181221,1.01199517754951,0.906854419236742,0.399006239319072
180,20180723,20190118,1.01214453251827,0.905749269973979,0.399388500906277
180,20180917,20190315,1.01256035039823,0.906284382027279,0.399010915397264
180,20181224,20190621,1.01342468583889,0.914946604499358,0.395232145066597
180,20190219,20190816,1.01280353304743,0.904085574898686,0.399793211941183
180,20190325,20190920,1.01251191787424,0.907887128331727,0.39839097007578
180,20190422,20191018,1.01269955310219,0.905687845632265,0.399194131344035
180,20190520,20191115,1.01219412597701,0.903177577295761,0.40039730839531
180,20190624,20191220,1.01015233379346,0.899633382217527,0.40263109743743
180,20190722,20200117,1.0105206361831,0.899027480452085,0.402728291178129
180,20190826,20200221,1.0093569892063,0.900692345655387,0.402521877560013
180,20190923,20200320,1.00963409398643,0.901178182172237,0.402215942494462
180,20191021,20200417,1.00886236331708,0.899939131091579,0.403022674578043
180,20191118,20200515,1.00865199995243,0.898772255661647,0.403577378427616
180,20191223,20200619,1.00883543452439,0.899984323910279,0.403015218636424
180,20200121,20200717,1.00837340180545,0.898062692524673,0.4039754250814
180,20200224,20200821,1.00737292181008,0.900547126515017,0.403373236210389
180,20200323,20200918,1.00304082095745,0.946856836801011,0.386782390011698
180,20200420,20201016,1.00246448343631,0.935433864956115,0.391450849093082
180,20200526,20201120,1.00141761661541,0.917042427110694,0.399133616439786
180,20200622,20201218,1.00138674662009,0.916004433236972,0.399560446750766
180,20200720,20210115,1.00126320921098,0.907825004268692,0.402891728742365
180,20200824,20210219,1.00115163175159,0.908587543661359,0.402629492731022
180,20200921,20210319,1.00110553991166,0.910041036144801,0.402063209405199
180,20201019,20210416,1.00101196579475,0.907663981117351,0.403057746708597
180,20201123,20210521,1.00104033962168,0.904666458192813,0.404256275419
180,20201221,20210618,1.00086514646908,0.907202538428799,0.403302930480574
180,20210119,20210716,1.00085074851741,0.907617522932305,0.403141400129304
180,20210222,20210820,1.00070904237507,0.90943607386703,0.402465916589276
180,20210322,20210917,1.00080751934658,0.903626586256801,0.40477100977778
180,20210419,20211015,1.00088639175839,0.901968975180548,0.405410569174614
180,20210524,20211119,1.00068087774101,0.902326881531173,0.405348727190158
180,20210621,20211217,1.00071345722267,0.899833901166299,0.406347284690425
180,20210726,20220121,1.00070621232406,0.902945218832963,0.405087906676355
180,20210823,20220218,1.00074446397389,0.904902404999201,0.404280396105018
180,20210920,20220318,1.00070874114528,0.909485484602764,0.40244615208639
180,20211018,20220414,1.00083692053884,0.904920983799446,0.404235538703798
180,20211122,20220520,1.00122170863763,0.909416181766794,0.402267839533016
180,20211220,20220617,1.00283336110483,0.916000574926668,0.398985609312023
180,20220118,20220715,1.00287354370713,0.911985914780606,0.400574569916869
180,20220222,20220819,1.00354245299549,0.918673831733676,0.397639276541142
180,20220321,20220916,1.00427614475582,0.918000120146489,0.397616562780113
180,20220425,20221021,1.00630867080423,0.927845359339517,0.392925908145044
180,20220523,20221118,1.00829477907419,0.92811155404488,0.392047559812154
180,20220621,20221216,1.00986834463172,0.925348749496387,0.392519634030464
180,20220725,20230120,1.01287839130207,0.923604701403767,0.392036288257406
180,20220822,20230217,1.0149858481097,0.930557858002666,0.388511492592168
180,20220919,20230317,1.01674887523492,0.929047140920196,0.388424175574609
180,20221024,20230421,1.01957485933886,0.927189549013984,0.388067771866337
180,20221121,20230519,1.02145555250869,0.930503281745135,0.386071804772641
180,20221219,20230616,1.02301479813967,0.934026236900055,0.384127715516712
180,20230123,20230721,1.02337811432613,0.931203221532644,0.385076888811986
180,20230221,20230818,1.0234775580919,0.933012999491154,0.384343267957034
180,20230320,20230915,1.0244176660839,0.939370905681679,0.381556924841134
180,20230424,20231020,1.02450998845119,0.934890543095851,0.383235735661657
180,20230522,20231117,1.02475672252006,0.935156200078434,0.383041691507267
180,20230620,20231215,1.02575391359737,0.932264022641883,0.383777665440249
180,20230724,20240119,1.02656736790405,0.934905206102612,0.382462071477407
180,20230821,20240216,1.02726738240697,0.938216804338126,0.380937844759526
180,20230918,20240315,1.02755191828539,0.935688205643193,0.381796551288975
180,20231023,20240419,1.0275273489438,0.939151632690844,0.380485611656403
180,20231120,20240517,1.0273255505335,0.933733337747514,0.382627935318109
180,20231226,20240621,1.02679985503717,0.931643295946447,0.383624785653496
180,20240122,20240719,1.02636732968902,0.93029303825706,0.384305011051255
180,20240220,20240816,1.02598279313137,0.930429998744539,0.384396397174314
180,20240325,20240920,1.02656321971401,0.932282156930453,0.383468154723876
180,20240422,20241018,1.02674495879673,0.934638151608311,0.382498053129356
180,20240520,20241115,1.02718949173288,0.933696630221766,0.382692664644441
180,20240624,20241220,1.02757027201299,0.936194532795342,0.381596470334417
180,20240722,20250117,1.02688904668329,0.936311538775633,0.381804940577581
180,20240826,20250221,1.02553219693983,0.936728198745272,0.382150834684228
180,20240923,20250321,1.02444877800672,0.935580254544376,0.382994387128398
180,20241021,20250417,1.02322006012203,0.933375289322043,0.384300736211685
180,20241118,20250516,1.02368278760314,0.932583422220014,0.384431321715587
180,20241223,20250620,1.0240117206776,0.936420408602456,0.382836076111462
