date_TTM_30,exdate_TTM_30,kappa_TTM_30,date_TTM_60,exdate_TTM_60,kappa_TTM_60,date_TTM_90,exdate_TTM_90,kappa_TTM_90,date_TTM_180,exdate_TTM_180,kappa_TTM_180
19960118,19960216,0.852432389579318,19960116,19960315,0.982777409379698,19960122,19960419,0.89667595696003,19960325,19960920,0.912088243579106
19960215,19960315,0.852469355705898,19960220,19960419,0.982149928821478,19960220,19960517,0.938768388280657,19960624,19961220,0.922566642668789
19960321,19960419,0.852208136560517,19960319,19960517,0.979148387482535,19960325,19960621,0.894736066495806,19960923,19970321,0.92147862299893
19960418,19960517,0.853700136013473,19960423,19960621,0.983322937945668,19960422,19960719,0.926374253195515,19961223,19970620,0.919308101884837
19960523,19960621,0.852854593761831,19960521,19960719,0.982188018250509,19960520,19960816,0.884645808963038,19970324,19970919,0.921905899836672
19960620,19960719,0.853251328207009,19960618,19960816,0.981152252034866,19960624,19960920,0.898037122257112,19970623,19971219,0.927294712509446
19960718,19960816,0.852228544628591,19960723,19960920,0.983829139669435,19960722,19961018,0.871762660247332,19970922,19980320,0.923178256203573
19960822,19960920,0.85353448231253,19960820,19961018,0.984763783582931,19960819,19961115,0.88117318567574,19971222,19980619,0.932969584246331
19960919,19961018,0.852952793444757,19960917,19961115,0.98395858369367,19960923,19961220,0.897922228600338,19980323,19980918,0.92899639517509
19961017,19961115,0.853115913708141,19961022,19961220,0.983451567642824,19961021,19970117,0.873577218691224,19980622,19981218,0.934333965856634
19961121,19961220,0.853107984804369,19961119,19970117,0.982780531529968,19961125,19970221,0.88684482189221,19980921,19990319,0.951016825024113
19961219,19970117,0.853005948058722,19961224,19970221,0.983070606027902,19961223,19970321,0.895501010983871,19981221,19990618,0.939728554677916
19970123,19970221,0.852819804182552,19970121,19970321,0.98319945886278,19970120,19970418,0.876615803439236,19990322,19990917,0.935945169347041
19970220,19970321,0.852732897015674,19970218,19970418,0.987059012765839,19970324,19970620,0.895306888299637,19990621,19991217,0.939692379434733
19970320,19970418,0.852540764595755,19970318,19970516,0.981904618035681,19970421,19970718,0.9088725916124,19990726,20000121,0.946058619347084
19970417,19970516,0.853220257272646,19970422,19970620,0.985433480428296,19970519,19970815,0.847266133379428,19990920,20000317,0.945205542493928
19970522,19970620,0.854604519356468,19970520,19970718,0.983959762173562,19970623,19970919,0.895426358748596,19991220,20000616,0.944237643314497
19970619,19970718,0.853789633774876,19970617,19970815,0.983175156193287,19970721,19971017,0.894480040495401,20000320,20000915,0.945428313197357
19970717,19970815,0.852669008884573,19970722,19970919,0.981637660152926,19970825,19971121,0.890202797291384,20000619,20001215,0.941831580436758
19970821,19970919,0.852324529448293,19970819,19971017,0.980683319512249,19970922,19971219,0.89328754036601,20000918,20010316,0.942910246368506
19970918,19971017,0.852568572701447,19970923,19971121,0.977819030413729,19971020,19980116,0.88945020553022,20001218,20010615,0.947576082670863
19971023,19971121,0.853004625959176,19971021,19971219,0.983686837294846,19971124,19980220,0.879635131681138,20010326,20010921,0.94060349607489
19971120,19971219,0.852277660873349,19971118,19980116,0.982878788991866,19971222,19980320,0.89704259638129,20010625,20011221,0.919092472336904
19971218,19980116,0.853276341132606,19971223,19980220,0.983506330533352,19980120,19980417,0.88419297189147,20010917,20020315,0.913241902125179
19980122,19980220,0.854195972575731,19980120,19980320,0.984422300078807,19980323,19980619,0.895773330726107,20011224,20020621,0.907999691838088
19980219,19980320,0.853305526079663,19980217,19980417,0.982368369189405,19980420,19980717,0.889467053369458,20020325,20020920,0.913823551515527
19980319,19980417,0.854152944835191,19980317,19980515,0.984111351566409,19980526,19980821,0.897125057608364,20020624,20021220,0.914513795146513
19980416,19980515,0.853539998737402,19980421,19980619,0.984845471937659,19980622,19980918,0.898182143307919,20020923,20030321,0.916969876716388
19980521,19980619,0.854494403176851,19980519,19980717,0.985678452910001,19980720,19981016,0.878040491562715,20021223,20030620,0.901301585515669
19980618,19980717,0.854566632143924,19980623,19980821,0.986181439922345,19980824,19981120,0.914809788473702,20030324,20030919,0.900310841704201
19980723,19980821,0.853584184427609,19980721,19980918,0.985799762947458,19980921,19981218,0.892192817426366,20030623,20031219,0.892316916767993
19980820,19980918,0.852703819038516,19980818,19981016,0.982439235142148,19981019,19990115,0.913707760512342,20030922,20040319,0.895338459730353
19980917,19981016,0.850616616566905,19980922,19981120,0.979190250779751,19981123,19990219,0.901358603465404,20031222,20040618,0.898770760061943
19981022,19981120,0.852592829001429,19981020,19981218,0.98657063639293,19981221,19990319,0.897940032693972,20040322,20040917,0.900470363375735
19981119,19981218,0.853550970254325,19981117,19990115,0.98436299610827,19990119,19990416,0.883272260013559,20040621,20041217,0.903380335766109
19981217,19990115,0.852323523080552,19981222,19990219,0.985816141198116,19990222,19990521,0.911533480659608,20040920,20050318,0.90389621040714
19990121,19990219,0.852032262164512,19990119,19990319,0.983820396732344,19990322,19990618,0.895049235006673,20041220,20050617,0.909563785541614
19990218,19990319,0.851798971666761,19990216,19990416,0.982805988165259,19990419,19990716,0.890532564412861,20050321,20050916,0.908957609737192
19990318,19990416,0.852631812284539,19990323,19990521,0.981531256374062,19990524,19990820,0.908374355113509,20050620,20051216,0.910765805529777
19990422,19990521,0.853274743376352,19990420,19990618,0.983403648038011,19990621,19990917,0.897927696237206,20050919,20060317,0.912801337762559
19990520,19990618,0.853121950043148,19990518,19990716,0.983395320390404,19990719,19991015,0.896394152522098,20051219,20060616,0.917114686118409
19990617,19990716,0.853342215337836,19990622,19990820,0.985816975491248,19990823,19991119,0.89835708554556,20060320,20060915,0.917104443268481
19990722,19990820,0.854225480403821,19990720,19990917,0.986329218391577,19990920,19991217,0.899880685549283,20060619,20061215,0.92437955517623
19990819,19990917,0.853650529808581,19990817,19991015,0.98592207402006,19991025,20000121,0.898920753365113,20060918,20070316,0.919882433670254
19990916,19991015,0.854106442282662,19990921,19991119,0.986360657500346,19991122,20000218,0.901385411270755,20061218,20070615,0.920008848316588
19991021,19991119,0.854670715827808,19991019,19991217,0.986397877198796,19991220,20000317,0.900772633003681,20070326,20070921,0.920843551015248
19991118,19991217,0.854934885424175,19991123,20000121,0.987761174077647,20000124,20000420,0.903355541513747,20070625,20071221,0.922814518095796
19991223,20000121,0.856016699340769,19991221,20000218,0.98799604330044,20000222,20000519,0.894468444179563,20070924,20080320,0.921013192421855
20000120,20000218,0.854977048767881,20000118,20000317,0.988318721513673,20000320,20000616,0.901610209773345,20071224,20080620,0.923554710110633
20000217,20000317,0.854371075118477,20000222,20000420,0.984966854119783,20000424,20000721,0.896438742256194,20080324,20080919,0.921057060314662
20000323,20000420,0.854716190380387,20000321,20000519,0.987145871840979,20000522,20000818,0.897525011031851,20080623,20081219,0.909623107563693
20000420,20000519,0.853371691208284,20000418,20000616,0.986399538715798,20000619,20000915,0.901236151052201,20080922,20090320,0.912678289297782
20000518,20000616,0.854177378317538,20000523,20000721,0.986039022005044,20000724,20001020,0.902899604159241,20081222,20090619,0.927447790910917
20000622,20000721,0.855450108811696,20000620,20000818,0.988174328800048,20000821,20001117,0.903438891692605,20090323,20090918,0.905698618937134
20000720,20000818,0.856453265636299,20000718,20000915,0.989052177824201,20000918,20001215,0.90300569310742,20090622,20091218,0.8997805560144
20000817,20000915,0.856286530577935,20000822,20001020,0.989582194690857,20001023,20010119,0.903089110341378,20090921,20100319,0.893256243155259
20000921,20001020,0.855726486101509,20000919,20001117,0.989371207074968,20001120,20010216,0.900785006099596,20091221,20100618,0.893532533742654
20001019,20001117,0.854375397843029,20001017,20001215,0.98768529986514,20001218,20010316,0.900982606321255,20100322,20100917,0.888825460387685
20001116,20001215,0.854441756912758,20001121,20010119,0.987693740235985,20010122,20010420,0.898693346199737,20100621,20101217,0.902966027271757
20001221,20010119,0.853916173757709,20001219,20010216,0.988536318973068,20010220,20010518,0.896384624672983,20100920,20110318,0.896745200026095
20010118,20010216,0.85417381348527,20010116,20010316,0.985974577146798,20010319,20010615,0.897143745029553,20101220,20110617,0.891396046932751
20010215,20010316,0.854485656319401,20010220,20010420,0.984721450358464,20010423,20010720,0.895978851133168,20110321,20110916,0.893788655715925
20010322,20010420,0.852230801642805,20010320,20010518,0.983951365250753,20010521,20010817,0.89490604401761,20110620,20111216,0.892226916535775
20010419,20010518,0.854398485961013,20010417,20010615,0.987294435821075,20010625,20010921,0.894012599902853,20110919,20120316,0.907832842456771
20010517,20010615,0.853241378012501,20010522,20010720,0.982398123239693,20010723,20011019,0.895662696361498,20111219,20120615,0.900612470368761
20010621,20010720,0.852712024979279,20010619,20010817,0.981598946114681,20010820,20011116,0.894898476706364,20120326,20120921,0.887888409188175
20010719,20010817,0.853219292085773,20010724,20010921,0.983111901573772,20010924,20011221,0.890921336050401,20120521,20121116,0.896851962256982
20010823,20010921,0.853039338743841,20010821,20011019,0.983418423566351,20011022,20020118,0.891035894203087,20120625,20121221,0.892956178306056
20010920,20011019,0.846251698372789,20010918,20011116,0.977916447763174,20011119,20020215,0.888874212419243,20120917,20130315,0.883094113307218
20011018,20011116,0.850081217987656,20011023,20011221,0.981336882604554,20011217,20020315,0.888374876495655,20121224,20130621,0.884718797525595
20011123,20011221,0.851045895403049,20011120,20020118,0.978297734423051,20020122,20020419,0.889818468602853,20130325,20130920,0.883799008933153
20011220,20020118,0.850655260646494,20011218,20020215,0.977992359831815,20020219,20020517,0.891687723146158,20130624,20131220,0.89087515869804
20020117,20020215,0.851448191008568,20020115,20020315,0.97901370371351,20020325,20020621,0.893089268531537,20130722,20140117,0.88390344536316
20020214,20020315,0.851559917027736,20020219,20020419,0.980086482672279,20020422,20020719,0.89259424910866,20130923,20140321,0.883373268848489
20020321,20020419,0.852426436834612,20020319,20020517,0.980715217164657,20020520,20020816,0.892712591515617,20131223,20140620,0.886278526199354
20020418,20020517,0.851784872247494,20020423,20020621,0.979901371723516,20020624,20020920,0.889212119522051,20140324,20140919,0.88770610586858
20020523,20020621,0.852918617515432,20020521,20020719,0.980212501153449,20020722,20021018,0.883686982890065,20140623,20141219,0.883782313354314
20020620,20020719,0.84978179378779,20020618,20020816,0.979420057699893,20020819,20021115,0.888158899379343,20140721,20150116,0.884904385012026
20020718,20020816,0.847526884840029,20020723,20020920,0.972557357936811,20020923,20021220,0.880097180984545,20140922,20150320,0.886861568108133
20020822,20020920,0.85019837259298,20020820,20021018,0.977590729644752,20021021,20030117,0.880346989055775,20141222,20150619,0.893629249721027
20020919,20021018,0.845725786560432,20020917,20021115,0.974363987086377,20021125,20030221,0.88405721381527,20150323,20150918,0.891096221238595
20021017,20021115,0.846505435735621,20021022,20021220,0.972499689513518,20021223,20030321,0.881454775634133,20150622,20151218,0.888231514775678
20021121,20021220,0.849395610718541,20021119,20030117,0.97425422024185,20030121,20030417,0.882154726193145,20150720,20160115,0.887526277670956
20021219,20030117,0.847571034665813,20021224,20030221,0.973614755158176,20030324,20030620,0.881159503396758,20150921,20160318,0.892871190797084
20030123,20030221,0.848856157795425,20030121,20030321,0.973395626486897,20030421,20030718,0.883385704321813,20151221,20160617,0.89691306811777
20030220,20030321,0.847161540608897,20030218,20030417,0.972947999890079,20030519,20030815,0.884418935958428,20160321,20160916,0.889747130790414
20030320,20030417,0.847128368328601,20030318,20030516,0.971418528840659,20030623,20030919,0.885066867816652,20160620,20161216,0.89120525453563
20030417,20030516,0.849832179735583,20030422,20030620,0.974339654447571,20030721,20031017,0.8873888876532,20160725,20170120,0.889559276977822
20030522,20030620,0.85031211572593,20030520,20030718,0.974350863273652,20030825,20031121,0.885801626444109,20160919,20170317,0.892375683459037
20030619,20030718,0.849947393582959,20030617,20030815,0.97494018305142,20030922,20031219,0.886066165795923,20161219,20170616,0.893607697882976
20030717,20030815,0.849933503090007,20030722,20030919,0.975653226969841,20031020,20040116,0.888247811252748,20170320,20170915,0.894599572676239
20030821,20030919,0.850973873310572,20030819,20031017,0.97611604908002,20031124,20040220,0.889311325567251,20170619,20171215,0.893737519673443
20030918,20031017,0.851025104472881,20030923,20031121,0.975609465799174,20031222,20040319,0.890053652425615,20170724,20180119,0.893559745666781
20031023,20031121,0.851275347141118,20031021,20031219,0.976907127583047,20040120,20040416,0.888928790542844,20170918,20180316,0.894654342336488
20031120,20031219,0.850500745389214,20031118,20040116,0.977242626322815,20040223,20040521,0.888117942499981,20171218,20180615,0.902097883789251
20031218,20040116,0.85125011807559,20031223,20040220,0.978542794799889,20040322,20040618,0.88739888086079,20180326,20180921,0.909304194505235
20040122,20040220,0.851077206675428,20040120,20040319,0.97693822598098,20040419,20040716,0.889325425701429,20180625,20181221,0.906854419236742
20040219,20040319,0.850832280484186,20040217,20040416,0.976900217625784,20040524,20040820,0.888800496776879,20180723,20190118,0.905749269973979
20040318,20040416,0.851180768337206,20040323,20040521,0.976690186177308,20040621,20040917,0.890639552711917,20180917,20190315,0.906284382027279
20040422,20040521,0.852192234329227,20040420,20040618,0.977849049694751,20040719,20041015,0.890702209047029,20181224,20190621,0.914946604499358
20040520,20040618,0.851412908896801,20040518,20040716,0.977405354640314,20040823,20041119,0.890387101972853,20190219,20190816,0.904085574898686
20040617,20040716,0.851568248780049,20040622,20040820,0.978694009562212,20040920,20041217,0.891966847524236,20190325,20190920,0.907887128331727
20040722,20040820,0.852677181770304,20040720,20040917,0.979242994484983,20041025,20050121,0.892446107228171,20190422,20191018,0.905687845632265
20040819,20040917,0.852078423659169,20040817,20041015,0.979109371637727,20041122,20050218,0.894067321885815,20190520,20191115,0.903177577295761
20040916,20041015,0.852970874837246,20040921,20041119,0.980391699005707,20041220,20050318,0.895200023330984,20190624,20191220,0.899633382217527
20041021,20041119,0.852652941338804,20041019,20041217,0.980167033715323,20050222,20050520,0.895097463089739,20190722,20200117,0.899027480452085
20041118,20041217,0.853801808069796,20041123,20050121,0.981208327018154,20050321,20050617,0.894413940971219,20190826,20200221,0.900692345655387
20041223,20050121,0.853867600824513,20041221,20050218,0.982528185555509,20050418,20050715,0.893858097174953,20190923,20200320,0.901178182172237
20050120,20050218,0.853339765666939,20050118,20050318,0.982281779117954,20050523,20050819,0.895569426392823,20191021,20200417,0.899939131091579
20050217,20050318,0.854113272080645,20050215,20050415,0.982184779724408,20050620,20050916,0.895679718174107,20191118,20200515,0.898772255661647
20050317,20050415,0.853937419466547,20050322,20050520,0.981490311635341,20050725,20051021,0.896563435489803,20191223,20200619,0.899984323910279
20050421,20050520,0.852580906706104,20050419,20050617,0.981153269743972,20050822,20051118,0.896226625725257,20200121,20200717,0.898062692524673
20050519,20050617,0.853442559117526,20050517,20050715,0.981551235855789,20050919,20051216,0.896263869729263,20200224,20200821,0.900547126515017
20050616,20050715,0.854284947168469,20050621,20050819,0.982493032178655,20051024,20060120,0.896091254966145,20200323,20200918,0.946856836801011
20050721,20050819,0.853445844064255,20050719,20050916,0.982678428578769,20051121,20060217,0.89755296013462,20200420,20201016,0.935433864956115
20050818,20050916,0.853777355895196,20050823,20051021,0.983115297209941,20051219,20060317,0.897710519816669,20200526,20201120,0.917042427110694
20050922,20051021,0.853725487296332,20050920,20051118,0.982979141155346,20060123,20060421,0.89803459814775,20200622,20201218,0.916004433236972
20051020,20051118,0.853110801026001,20051018,20051216,0.982688436595919,20060221,20060519,0.898603910089855,20200720,20210115,0.907825004268692
20051117,20051216,0.854837957724415,20051122,20060120,0.984023305843013,20060320,20060616,0.898525246491092,20200824,20210219,0.908587543661359
20051222,20060120,0.854455748735574,20051220,20060217,0.984186624678834,20060424,20060721,0.899314841714697,20200921,20210319,0.910041036144801
20060119,20060217,0.854355886684132,20060117,20060317,0.984241087301575,20060522,20060818,0.898092952356159,20201019,20210416,0.907663981117351
20060216,20060317,0.854344945860678,20060221,20060421,0.984598745816235,20060619,20060915,0.89855506366462,20201123,20210521,0.904666458192813
20060323,20060421,0.855318498955209,20060321,20060519,0.984402989029072,20060724,20061020,0.898406157088279,20201221,20210618,0.907202538428799
20060420,20060519,0.855365277128732,20060418,20060616,0.985164976962513,20060821,20061117,0.89896559355669,20210119,20210716,0.907617522932305
20060518,20060616,0.853121055249459,20060523,20060721,0.984654620702033,20060918,20061215,0.898845282130602,20210222,20210820,0.90943607386703
20060622,20060721,0.853889566076485,20060620,20060818,0.984996226961327,20061023,20070119,0.899309799717435,20210322,20210917,0.903626586256801
20060720,20060818,0.854553551068632,20060718,20060915,0.984539792183851,20061120,20070216,0.899940934302682,20210419,20211015,0.901968975180548
20060817,20060915,0.854164587474636,20060822,20061020,0.985037912215316,20061218,20070316,0.899402949141435,20210524,20211119,0.902326881531173
20060921,20061020,0.854859369036932,20060919,20061117,0.984925378189416,20070122,20070420,0.899889336000082,20210621,20211217,0.899833901166299
20061019,20061117,0.854228860923636,20061017,20061215,0.984921505077479,20070220,20070518,0.900105902478051,20210726,20220121,0.902945218832963
20061116,20061215,0.85504628095821,20061121,20070119,0.985657304789529,20070319,20070615,0.899176156096973,20210823,20220218,0.904902404999201
20061221,20070119,0.855484473589302,20061219,20070216,0.985266712010813,20070423,20070720,0.899409495886439,20210920,20220318,0.909485484602764
20070118,20070216,0.855651159153316,20070116,20070316,0.985628581186058,20070521,20070817,0.89789725742125,20211018,20220414,0.904920983799446
20070215,20070316,0.85456073476454,20070220,20070420,0.985592402498562,20070625,20070921,0.89853145241462,20211122,20220520,0.909416181766794
20070322,20070420,0.853828575859372,20070320,20070518,0.985709805551128,20070723,20071019,0.89743483620351,20211220,20220617,0.916000574926668
20070419,20070518,0.854601619980956,20070417,20070615,0.985729753060686,20070820,20071116,0.887814909320593,20220118,20220715,0.911985914780606
20070517,20070615,0.854302269854295,20070522,20070720,0.985064620798183,20070924,20071221,0.896249578786726,20220222,20220819,0.918673831733676
20070621,20070720,0.854513288851442,20070619,20070817,0.985342323215539,20071022,20080118,0.893077654355758,20220321,20220916,0.918000120146489
20070719,20070817,0.854382858956387,20070724,20070921,0.984207269551696,20071119,20080215,0.892705860272635,20220425,20221021,0.927845359339517
20070823,20070921,0.853293733734055,20070821,20071019,0.983325342973475,20071224,20080320,0.895833594913578,20220523,20221118,0.92811155404488
20070920,20071019,0.853276069535037,20070918,20071116,0.984076907221637,20080122,20080418,0.889021287519782,20220621,20221216,0.925348749496387
20071018,20071116,0.853367849215191,20071023,20071221,0.982601831856087,20080219,20080516,0.894130083911019,20220725,20230120,0.923604701403767
20071123,20071221,0.85163810747936,20071120,20080118,0.981843909699135,20080324,20080620,0.891363352786724,20220822,20230217,0.930557858002666
20071220,20080118,0.853333781825604,20071218,20080215,0.982330259639722,20080421,20080718,0.888698664683174,20220919,20230317,0.929047140920196
20080117,20080215,0.850134300754506,20080122,20080320,0.979444129925132,20080519,20080815,0.88960523158035,20221024,20230421,0.927189549013984
20080221,20080320,0.852669590221691,20080219,20080418,0.982389543572758,20080623,20080919,0.888089721206517,20221121,20230519,0.930503281745135
20080320,20080418,0.851902946494244,20080318,20080516,0.980940968630201,20080721,20081017,0.887154771642368,20221219,20230616,0.934026236900055
20080417,20080516,0.85109053474793,20080422,20080620,0.977878455501899,20080825,20081121,0.88756576041026,20230123,20230721,0.931203221532644
20080522,20080620,0.851766233488511,20080520,20080718,0.978451405442417,20080922,20081219,0.883980981298955,20230221,20230818,0.933012999491154
20080619,20080718,0.851017993918213,20080617,20080815,0.97820427578617,20081020,20090116,0.876409210443631,20230320,20230915,0.939370905681679
20080717,20080815,0.850210546183695,20080722,20080919,0.977592722955115,20081124,20090220,0.865840457488787,20230424,20231020,0.934890543095851
20080821,20080919,0.851391001076196,20080819,20081017,0.977043969340658,20081222,20090320,0.873618044760542,20230522,20231117,0.935156200078434
20080918,20081017,0.848402930318065,20080923,20081121,0.97496247406596,20090120,20090417,0.86606518794805,20230620,20231215,0.932264022641883
20081023,20081121,0.837202587881283,20081021,20081219,0.969259145898002,20090217,20090515,0.871824268121232,20230724,20240119,0.934905206102612
20081120,20081219,0.822244326158609,20081118,20090116,0.96120198434047,20090323,20090619,0.869265164001813,20230821,20240216,0.938216804338126
20081218,20090116,0.841887266748734,20081223,20090220,0.969020668236465,20090420,20090717,0.867909391320254,20230918,20240315,0.935688205643193
20090122,20090220,0.843176169986738,20090120,20090320,0.964944828041264,20090526,20090821,0.876798957083125,20231023,20240419,0.939151632690844
20090219,20090320,0.841556740215721,20090217,20090417,0.967498876669381,20090622,20090918,0.877399836242226,20231120,20240517,0.933733337747514
20090319,20090417,0.842073685277815,20090317,20090515,0.965436907985539,20090720,20091016,0.878992250451981,20231226,20240621,0.931643295946447
20090416,20090515,0.844612201220351,20090421,20090619,0.965732880192244,20090824,20091120,0.880454524269122,20240122,20240719,0.93029303825706
20090521,20090619,0.845722027927802,20090519,20090717,0.968955458110622,20090921,20091218,0.880874128065299,20240220,20240816,0.930429998744539
20090618,20090717,0.847005299615355,20090623,20090821,0.970357000444398,20091019,20100115,0.882482969926519,20240325,20240920,0.932282156930453
20090723,20090821,0.848247639935819,20090721,20090918,0.97121910203339,20091123,20100219,0.88267350134545,20240422,20241018,0.934638151608311
20090820,20090918,0.84891950150351,20090818,20091016,0.971554308385621,20091221,20100319,0.882934015839352,20240520,20241115,0.933696630221766
20090917,20091016,0.848590624912744,20090922,20091120,0.972305603822636,20100119,20100416,0.884639766028503,20240624,20241220,0.936194532795342
20091022,20091120,0.849440294246421,20091020,20091218,0.973206024244587,20100222,20100521,0.883570209438359,20240722,20250117,0.936311538775633
20091119,20091218,0.849325279088725,20091117,20100115,0.972991422077168,20100322,20100618,0.884385931185671,20240826,20250221,0.936728198745272
20091217,20100115,0.848848998822133,20091222,20100219,0.973976816254208,20100419,20100716,0.885395729743669,20240923,20250321,0.935580254544376
20100121,20100219,0.848817584442885,20100119,20100319,0.974335225937312,20100524,20100820,0.883741294989703,20241021,20250417,0.933375289322043
20100218,20100319,0.849305190509551,20100216,20100416,0.973673363039006,20100621,20100917,0.885131224721806,20241118,20250516,0.932583422220014
20100318,20100416,0.850773076306209,20100323,20100521,0.974393465877029,20100719,20101015,0.882574544331047,20241223,20250620,0.936420408602456
20100422,20100521,0.851118270751604,20100420,20100618,0.975203384585009,20100823,20101119,0.881383627654822,NaN,NaN,NaN
20100520,20100618,0.84566151669468,20100518,20100716,0.975308807062928,20100920,20101217,0.883538418504902,NaN,NaN,NaN
20100617,20100716,0.849016751328276,20100622,20100820,0.974301206199757,20101025,20110121,0.883229226462673,NaN,NaN,NaN
20100722,20100820,0.848829835200003,20100720,20100917,0.973489722144394,20101122,20110218,0.883900646820685,NaN,NaN,NaN
20100819,20100917,0.848331131190945,20100817,20101015,0.973286663952392,20101220,20110318,0.885177605485382,NaN,NaN,NaN
20100916,20101015,0.849730649968931,20100921,20101119,0.973627037698014,20110118,20110415,0.885507012289247,NaN,NaN,NaN
20101021,20101119,0.850075671318844,20101019,20101217,0.973305388381994,20110222,20110520,0.884950960044199,NaN,NaN,NaN
20101118,20101217,0.849958383567289,20101123,20110121,0.973800245562472,20110321,20110617,0.885413738658658,NaN,NaN,NaN
20101223,20110121,0.850484305662755,20101221,20110218,0.974658505716971,20110418,20110715,0.885791894351897,NaN,NaN,NaN
20110120,20110218,0.851058789167031,20110118,20110318,0.975223650578693,20110523,20110819,0.885249031214234,NaN,NaN,NaN
20110217,20110318,0.851402970762458,20110215,20110415,0.975376913730918,20110620,20110916,0.884757829083903,NaN,NaN,NaN
20110317,20110415,0.849064356167124,20110322,20110520,0.974992440873114,20110725,20111021,0.884719963699232,NaN,NaN,NaN
20110421,20110520,0.85167456966901,20110419,20110617,0.975500276957969,20110822,20111118,0.881705511721417,NaN,NaN,NaN
20110519,20110617,0.851045615080689,20110517,20110715,0.974753053031739,20110919,20111216,0.881892036960794,NaN,NaN,NaN
20110616,20110715,0.850039901433953,20110621,20110819,0.974500674362771,20111024,20120120,0.882836532489397,NaN,NaN,NaN
20110721,20110819,0.850351377501273,20110719,20110916,0.974871686277353,20111121,20120217,0.879040115105146,NaN,NaN,NaN
20110818,20110916,0.845825065874127,20110823,20111021,0.974782190772275,20111219,20120316,0.880557103925286,NaN,NaN,NaN
20110922,20111021,0.844572456249866,20110920,20111118,0.973200517456403,20120123,20120420,0.884313539169867,NaN,NaN,NaN
20111020,20111118,0.8469209617461,20111018,20111216,0.973894599696477,20120221,20120518,0.885052804940305,NaN,NaN,NaN
20111117,20111216,0.84612950096319,20111122,20120120,0.971052204670801,20120319,20120615,0.88527578166823,NaN,NaN,NaN
20111222,20120120,0.849218933558691,20111220,20120217,0.972705654517489,20120423,20120720,0.884454492690304,NaN,NaN,NaN
20120119,20120217,0.849912554035859,20120117,20120316,0.973888014720846,20120521,20120817,0.88363346653855,NaN,NaN,NaN
20120216,20120316,0.849814498338206,20120221,20120420,0.974417662956342,20120625,20120921,0.883173605356529,NaN,NaN,NaN
20120322,20120420,0.850049435437309,20120320,20120518,0.974427175234629,20120723,20121019,0.883122143950223,NaN,NaN,NaN
20120419,20120518,0.849810324834927,20120417,20120615,0.974053140415368,20120820,20121116,0.883589584969214,NaN,NaN,NaN
20120517,20120615,0.848579774135738,20120522,20120720,0.973834233273178,20120924,20121221,0.884115616150362,NaN,NaN,NaN
20120621,20120720,0.849386092453719,20120619,20120817,0.97398646978341,20121022,20130118,0.884322192710584,NaN,NaN,NaN
20120719,20120817,0.849843352103383,20120724,20120921,0.972916488331807,20121119,20130215,0.883663596879608,NaN,NaN,NaN
20120823,20120921,0.850120304545032,20120821,20121019,0.973396050512423,20121217,20130315,0.883443256845835,NaN,NaN,NaN
20120920,20121019,0.850830681615304,20120918,20121116,0.974369370305486,20130122,20130419,0.884826021756282,NaN,NaN,NaN
20121018,20121116,0.850435175043482,20121023,20121221,0.973429006702477,20130219,20130517,0.885353153119086,NaN,NaN,NaN
20121123,20121221,0.850723615164298,20121120,20130118,0.973954645454931,20130325,20130621,0.885666037053861,NaN,NaN,NaN
20121220,20130118,0.850023496003691,20121218,20130215,0.973422590346431,20130422,20130719,0.885571279729977,NaN,NaN,NaN
20130117,20130215,0.850385904291052,20130115,20130315,0.973862577574771,20130520,20130816,0.884447222583856,NaN,NaN,NaN
20130214,20130315,0.850982170335652,20130219,20130419,0.974609443043999,20130624,20130920,0.885245566740656,NaN,NaN,NaN
20130321,20130419,0.850694630816925,20130319,20130517,0.974768079598422,20130722,20131018,0.885824183010115,NaN,NaN,NaN
20130418,20130517,0.850151735228646,20130423,20130621,0.974857919547891,20130819,20131115,0.885335999835217,NaN,NaN,NaN
20130523,20130621,0.851189720577474,20130521,20130719,0.974279561313182,20130923,20131220,0.885243982836453,NaN,NaN,NaN
20130620,20130719,0.849869211908262,20130618,20130816,0.975004592437555,20131021,20140117,0.886585568137938,NaN,NaN,NaN
20130718,20130816,0.851058862135551,20130723,20130920,0.974817523549294,20131125,20140221,0.886330082109401,NaN,NaN,NaN
20130822,20130920,0.850618982730502,20130820,20131018,0.974813779678451,20131223,20140321,0.887473837573698,NaN,NaN,NaN
20130919,20131018,0.85078616422373,20130917,20131115,0.97463846974549,20140121,20140417,0.887506998001213,NaN,NaN,NaN
20131017,20131115,0.851242326735983,20131022,20131220,0.974979549285702,20140218,20140516,0.887257115103034,NaN,NaN,NaN
20131121,20131220,0.852114733532886,20131119,20140117,0.975259982312986,20140324,20140620,0.887184224845508,NaN,NaN,NaN
20131219,20140117,0.851445594159233,20131224,20140221,0.976043105132331,20140421,20140718,0.886913792676376,NaN,NaN,NaN
20140123,20140221,0.85183702619639,20140121,20140321,0.97639592407024,20140519,20140815,0.886901540648658,NaN,NaN,NaN
20140220,20140321,0.851848261995281,20140218,20140417,0.97652152397459,20140623,20140919,0.887314685738065,NaN,NaN,NaN
20140320,20140417,0.851754436612892,20140318,20140516,0.976474146110462,20140721,20141017,0.88804029538376,NaN,NaN,NaN
20140417,20140516,0.851810696443557,20140422,20140620,0.975837187394642,20140825,20141121,0.887769166672709,NaN,NaN,NaN
20140522,20140620,0.851694150366883,20140520,20140718,0.975731371791718,20140922,20141219,0.887402617672259,NaN,NaN,NaN
20140619,20140718,0.852499560784625,20140617,20140815,0.976314130648708,20141020,20150116,0.886224828037002,NaN,NaN,NaN
20140717,20140815,0.851773474684997,20140722,20140919,0.976632858761955,20141124,20150220,0.887966231698804,NaN,NaN,NaN
20140821,20140919,0.851687511572263,20140819,20141017,0.976462779966709,20141222,20150320,0.888572304296396,NaN,NaN,NaN
20140918,20141017,0.852217415832832,20140923,20141121,0.976320475524411,20150120,20150417,0.887769916597112,NaN,NaN,NaN
20141023,20141121,0.851152526130991,20141021,20141219,0.976070087839759,20150217,20150515,0.888610854412404,NaN,NaN,NaN
20141120,20141219,0.851963240564828,20141118,20150116,0.976119175047264,20150323,20150619,0.888249388018182,NaN,NaN,NaN
20141218,20150116,0.851446493851996,20141222,20150220,0.976985372214028,20150420,20150717,0.887831384556982,NaN,NaN,NaN
20150121,20150220,0.85111809351518,20150120,20150320,0.976816035668419,20150526,20150821,0.887988987142543,NaN,NaN,NaN
20150218,20150320,0.851555089351924,20150217,20150417,0.977149106958678,20150622,20150918,0.887952814624793,NaN,NaN,NaN
20150318,20150417,0.851873165793264,20150316,20150515,0.976624554850883,20150720,20151016,0.88799278255634,NaN,NaN,NaN
20150415,20150515,0.851207456875314,20150420,20150619,0.976345693986223,20150824,20151120,0.886965748328158,NaN,NaN,NaN
20150520,20150619,0.850925575877614,20150518,20150717,0.976541019438446,20150921,20151218,0.885451056452141,NaN,NaN,NaN
20150617,20150717,0.851288199909291,20150622,20150821,0.976319259916866,20151019,20160115,0.886373170172515,NaN,NaN,NaN
20150722,20150821,0.851654581468933,20150720,20150918,0.976210952653316,20151123,20160219,0.887387743039137,NaN,NaN,NaN
20150819,20150918,0.851328845360832,20150817,20151016,0.976554216345837,20151221,20160318,0.887511908373237,NaN,NaN,NaN
20150916,20151016,0.850201334062142,20150921,20151120,0.974943900687636,20160119,20160415,0.885398585632746,NaN,NaN,NaN
20151021,20151120,0.850886901452837,20151020,20151218,0.975512514046466,20160222,20160520,0.886324869943678,NaN,NaN,NaN
20151119,20151218,0.851074150660221,20151116,20160115,0.975562465049198,20160321,20160617,0.886478617581913,NaN,NaN,NaN
20151216,20160115,0.851279999773933,20151221,20160219,0.976489065545024,20160418,20160715,0.886741503635023,NaN,NaN,NaN
20160120,20160219,0.848568553217934,20160119,20160318,0.975174977113597,20160523,20160819,0.886417247786175,NaN,NaN,NaN
20160217,20160318,0.850012699145059,20160216,20160415,0.975218832307466,20160620,20160916,0.886668310882463,NaN,NaN,NaN
20160316,20160415,0.851047747580383,20160321,20160520,0.975512564359758,20160725,20161021,0.887150552777339,NaN,NaN,NaN
20160420,20160520,0.850770410670684,20160418,20160617,0.975660635009603,20160822,20161118,0.887678648644819,NaN,NaN,NaN
20160518,20160617,0.850839553030281,20160516,20160715,0.975551355421314,20160919,20161216,0.887502451206439,NaN,NaN,NaN
20160615,20160715,0.850540742097275,20160620,20160819,0.975720775648526,20161024,20170120,0.887940445529628,NaN,NaN,NaN
20160720,20160819,0.851559516316928,20160718,20160916,0.975794765518479,20161121,20170217,0.888762828217191,NaN,NaN,NaN
20160817,20160916,0.851348378476353,20160822,20161021,0.976463285010695,20161219,20170317,0.889125983594645,NaN,NaN,NaN
20160921,20161021,0.851636913034301,20160919,20161118,0.976345065216545,20170123,20170421,0.88947210087466,NaN,NaN,NaN
20161019,20161118,0.851254831018456,20161017,20161216,0.97602159264797,20170221,20170519,0.88930226145034,NaN,NaN,NaN
20161116,20161216,0.851065050185406,20161121,20170120,0.97727484152894,20170320,20170616,0.890711556812998,NaN,NaN,NaN
20161221,20170120,0.85220654402319,20161219,20170217,0.97783697840346,20170424,20170721,0.89167905256704,NaN,NaN,NaN
20170118,20170217,0.852620291996618,20170117,20170317,0.977642897460534,20170522,20170818,0.890970190748968,NaN,NaN,NaN
20170215,20170317,0.852390485337634,20170221,20170421,0.978240952345034,20170619,20170915,0.891678145995376,NaN,NaN,NaN
20170322,20170421,0.852528177935399,20170320,20170519,0.97875204703799,20170724,20171020,0.89190498659945,NaN,NaN,NaN
20170419,20170519,0.852206049486511,20170417,20170616,0.978721770760708,20170821,20171117,0.891021151861688,NaN,NaN,NaN
20170517,20170616,0.85221326837532,20170522,20170721,0.979016987296936,20170918,20171215,0.891289003207167,NaN,NaN,NaN
20170621,20170721,0.853022013635816,20170619,20170818,0.979915626462207,20171023,20180119,0.893097298246595,NaN,NaN,NaN
20170719,20170818,0.853310071522298,20170717,20170915,0.979769659104093,20171120,20180216,0.892637935068637,NaN,NaN,NaN
20170816,20170915,0.852894231846225,20170821,20171020,0.979081033707878,20171218,20180316,0.894746923393991,NaN,NaN,NaN
20170920,20171020,0.853152879928686,20170918,20171117,0.979531980917588,20180122,20180420,0.894807296681509,NaN,NaN,NaN
20171018,20171117,0.853894877231015,20171016,20171215,0.980385737133271,20180220,20180518,0.894256718912709,NaN,NaN,NaN
20171115,20171215,0.853137356925705,20171120,20180119,0.98045383674948,20180319,20180615,0.893570265139315,NaN,NaN,NaN
20171220,20180119,0.854420409042343,20171218,20180216,0.981971706716756,20180423,20180720,0.893462589265487,NaN,NaN,NaN
20180117,20180216,0.854131687133845,20180116,20180316,0.981615085604129,20180521,20180817,0.894501945126246,NaN,NaN,NaN
20180214,20180316,0.852780568789122,20180220,20180420,0.981686619668265,20180625,20180921,0.893943651529782,NaN,NaN,NaN
20180321,20180420,0.853028051693207,20180319,20180518,0.981309752568776,20180723,20181019,0.894658541450228,NaN,NaN,NaN
20180418,20180518,0.853480592709867,20180416,20180615,0.980963578335174,20180820,20181116,0.894078579128694,NaN,NaN,NaN
20180516,20180615,0.853675572726009,20180521,20180720,0.981761053620452,20180924,20181221,0.894869555559087,NaN,NaN,NaN
20180620,20180720,0.853804497913997,20180618,20180817,0.981732159410793,20181022,20190118,0.893441928587375,NaN,NaN,NaN
20180718,20180817,0.854134856098767,20180723,20180921,0.981912540523684,20181119,20190215,0.892356679540905,NaN,NaN,NaN
20180822,20180921,0.854013561393969,20180820,20181019,0.981679829064262,20181217,20190315,0.890402754946582,NaN,NaN,NaN
20180919,20181019,0.854345597015252,20180917,20181116,0.982306373348109,20190118,20190418,0.893421142630257,NaN,NaN,NaN
20181017,20181116,0.852916585402204,20181022,20181221,0.980806741948992,20190219,20190517,0.89306484589543,NaN,NaN,NaN
20181121,20181221,0.852065328886671,20181119,20190118,0.980279441279174,20190325,20190621,0.894009179517284,NaN,NaN,NaN
20181219,20190118,0.851506003605605,20181217,20190215,0.979353605239708,20190422,20190719,0.894478915786043,NaN,NaN,NaN
20190116,20190215,0.85302576511896,20190114,20190315,0.980781453822291,20190520,20190816,0.892064542926326,NaN,NaN,NaN
20190213,20190315,0.853136451225901,20190219,20190418,0.980928805835538,20190624,20190920,0.891490889647029,NaN,NaN,NaN
20190319,20190418,0.853576057294593,20190318,20190517,0.981786414128686,20190722,20191018,0.891688125619194,NaN,NaN,NaN
20190417,20190517,0.853640626879562,20190422,20190621,0.981692966673338,20190819,20191115,0.890195579018353,NaN,NaN,NaN
20190522,20190621,0.852648176234839,20190520,20190719,0.979797619827091,20190923,20191220,0.891319737482728,NaN,NaN,NaN
20190619,20190719,0.85237687460745,20190617,20190816,0.979599255322932,20191021,20200117,0.891318267583978,NaN,NaN,NaN
20190717,20190816,0.852501607038666,20190722,20190920,0.97986697306014,20191125,20200221,0.891298392105208,NaN,NaN,NaN
20190821,20190920,0.852285504657701,20190819,20191018,0.978656561265154,20191223,20200320,0.892045988360441,NaN,NaN,NaN
20190918,20191018,0.851936413914219,20190916,20191115,0.979465221661247,20200121,20200417,0.891984393481456,NaN,NaN,NaN
20191016,20191115,0.852711469832877,20191021,20191220,0.979395719086532,20200218,20200515,0.891381428329278,NaN,NaN,NaN
20191120,20191220,0.851489783488284,20191118,20200117,0.979034556386516,20200323,20200619,0.887925305581662,NaN,NaN,NaN
20191218,20200117,0.853337252560505,20191223,20200221,0.979912138693913,20200420,20200717,0.88787298763712,NaN,NaN,NaN
20200122,20200221,0.852512711861474,20200121,20200320,0.979631355673453,20200526,20200821,0.888285899604097,NaN,NaN,NaN
20200219,20200320,0.852653940485929,20200218,20200417,0.979295222691262,20200622,20200918,0.886531041363034,NaN,NaN,NaN
20200318,20200417,0.831452223838321,20200316,20200515,0.965185249662511,20200720,20201016,0.886474680446142,NaN,NaN,NaN
20200415,20200515,0.847774938398265,20200420,20200619,0.97975808021702,20200824,20201120,0.888018386053344,NaN,NaN,NaN
20200520,20200619,0.849727697245877,20200518,20200717,0.979487808035377,20200921,20201218,0.883216226683941,NaN,NaN,NaN
20200617,20200717,0.848406366993138,20200622,20200821,0.976376462092846,20201019,20210115,0.885167827374885,NaN,NaN,NaN
20200722,20200821,0.850442983490213,20200720,20200918,0.976250035565153,20201123,20210219,0.88712975974256,NaN,NaN,NaN
20200819,20200918,0.850709674522517,20200817,20201016,0.976917884580376,20201221,20210319,0.888696171012441,NaN,NaN,NaN
20200916,20201016,0.849785312452605,20200921,20201120,0.973605096257485,20210119,20210416,0.889439912613902,NaN,NaN,NaN
20201021,20201120,0.84861848946118,20201019,20201218,0.974941459214447,20210222,20210521,0.889357756715342,NaN,NaN,NaN
20201118,20201218,0.850307112886283,20201116,20210115,0.975857847809192,20210322,20210618,0.888847498756891,NaN,NaN,NaN
20201216,20210115,0.851167811176954,20201221,20210219,0.977792889378248,20210419,20210716,0.88912471057487,NaN,NaN,NaN
20210120,20210219,0.851115318903258,20210119,20210319,0.97759778051217,20210524,20210820,0.890140166824865,NaN,NaN,NaN
20210217,20210319,0.850999198904022,20210216,20210416,0.977622573224762,20210621,20210917,0.890510530141102,NaN,NaN,NaN
20210317,20210416,0.851456463421539,20210322,20210521,0.977301776860182,20210719,20211015,0.891025722786756,NaN,NaN,NaN
20210421,20210521,0.85160918976133,20210419,20210618,0.977300978971298,20210823,20211119,0.891263494339779,NaN,NaN,NaN
20210519,20210618,0.851218906401934,20210517,20210716,0.97781623160159,20210920,20211217,0.89090429625,NaN,NaN,NaN
20210616,20210716,0.852289736311394,20210621,20210820,0.978639879058804,20211025,20220121,0.89095080228506,NaN,NaN,NaN
20210721,20210820,0.852135315325777,20210719,20210917,0.979016933640328,20211122,20220218,0.892111091862655,NaN,NaN,NaN
20210818,20210917,0.851588398095856,20210816,20211015,0.978569999534386,20211220,20220318,0.892431939287153,NaN,NaN,NaN
20210915,20211015,0.852201649439115,20210920,20211119,0.979329750929234,20220114,20220414,0.891700619727036,NaN,NaN,NaN
20211020,20211119,0.852347207282163,20211018,20211217,0.978377607669975,20220222,20220520,0.891557652847428,NaN,NaN,NaN
20211117,20211217,0.852292140669701,20211122,20220121,0.979414299274152,20220321,20220617,0.892038295333003,NaN,NaN,NaN
20211222,20220121,0.8524266598973,20211220,20220218,0.979761237233066,20220418,20220715,0.893556318159144,NaN,NaN,NaN
20220119,20220218,0.851141605976765,20220118,20220318,0.979123488737826,20220523,20220819,0.890785710531722,NaN,NaN,NaN
20220216,20220318,0.850929045495002,20220214,20220414,0.979977548751927,20220621,20220916,0.889781077561473,NaN,NaN,NaN
20220315,20220414,0.849763649709981,20220321,20220520,0.97975167529602,20220725,20221021,0.89113215183772,NaN,NaN,NaN
20220420,20220520,0.852463839502027,20220418,20220617,0.980560723145557,20220822,20221118,0.894508505938851,NaN,NaN,NaN
20220518,20220617,0.849697219080847,20220516,20220715,0.97881180000022,20220919,20221216,0.892428366461802,NaN,NaN,NaN
20220615,20220715,0.849213370707725,20220621,20220819,0.977898591395436,20221024,20230120,0.888444214566734,NaN,NaN,NaN
20220720,20220819,0.851011205207952,20220718,20220916,0.978938256229444,20221121,20230217,0.893946591823503,NaN,NaN,NaN
20220817,20220916,0.853167225303266,20220822,20221021,0.982181883584571,20221219,20230317,0.895059033227465,NaN,NaN,NaN
20220921,20221021,0.85051195514125,20220919,20221118,0.980566248868747,20230123,20230421,0.897726219805591,NaN,NaN,NaN
20221019,20221118,0.848836669665462,20221017,20221216,0.977490274971836,20230221,20230519,0.897782563930878,NaN,NaN,NaN
20221116,20221216,0.851516596415904,20221121,20230120,0.982057380185203,20230320,20230616,0.89890984341045,NaN,NaN,NaN
20221221,20230120,0.853601466277096,20221219,20230217,0.982975618853119,20230424,20230721,0.900871211037782,NaN,NaN,NaN
20230118,20230217,0.853512696918723,20230117,20230317,0.984215739495399,20230522,20230818,0.901772306384252,NaN,NaN,NaN
20230215,20230317,0.854059936677648,20230221,20230421,0.984377109209495,20230620,20230915,0.902044714691379,NaN,NaN,NaN
20230322,20230421,0.853325152173221,20230320,20230519,0.985184370835475,20230724,20231020,0.903805094925621,NaN,NaN,NaN
20230419,20230519,0.854854145648153,20230417,20230616,0.986155545668656,20230821,20231117,0.902913569664144,NaN,NaN,NaN
20230517,20230616,0.854913136856479,20230522,20230721,0.987164509858588,20230918,20231215,0.903358870425103,NaN,NaN,NaN
20230621,20230721,0.855854081632512,20230620,20230818,0.987452498643247,20231023,20240119,0.902232392571127,NaN,NaN,NaN
20230719,20230818,0.856266293621503,20230717,20230915,0.988478176916305,20231120,20240216,0.903561766251518,NaN,NaN,NaN
20230816,20230915,0.855519812717107,20230821,20231020,0.988157817118906,20231218,20240315,0.903122718945956,NaN,NaN,NaN
20230920,20231020,0.85598728514667,20230918,20231117,0.988593654050051,20240122,20240419,0.903172940160384,NaN,NaN,NaN
20231018,20231117,0.855246330929166,20231016,20231215,0.988240684350285,20240220,20240517,0.902554756959812,NaN,NaN,NaN
20231115,20231215,0.856267294800374,20231120,20240119,0.988823314048268,20240325,20240621,0.90346893039185,NaN,NaN,NaN
20231220,20240119,0.856172515256727,20231218,20240216,0.988415187485601,20240422,20240719,0.902947725181697,NaN,NaN,NaN
20240117,20240216,0.856065992352288,20240116,20240315,0.988436639685918,20240520,20240816,0.904827263107796,NaN,NaN,NaN
20240214,20240315,0.85624559379964,20240220,20240419,0.988117668267498,20240624,20240920,0.904962125956267,NaN,NaN,NaN
20240320,20240419,0.856482037960967,20240318,20240517,0.98865519337278,20240722,20241018,0.904811349242124,NaN,NaN,NaN
20240417,20240517,0.855457764617025,20240422,20240621,0.988312922287171,20240819,20241115,0.904593157282451,NaN,NaN,NaN
20240522,20240621,0.856785904017437,20240520,20240719,0.989740195508652,20240923,20241220,0.904123647063178,NaN,NaN,NaN
20240620,20240719,0.856952237858142,20240617,20240816,0.990063239541237,20241021,20250117,0.903779950202655,NaN,NaN,NaN
20240717,20240816,0.856829674435323,20240722,20240920,0.989696232918501,20241125,20250221,0.904479963353169,NaN,NaN,NaN
20240821,20240920,0.856792852528898,20240819,20241018,0.989998958993571,20241223,20250321,0.904653319430819,NaN,NaN,NaN
20240918,20241018,0.856488273188427,20240916,20241115,0.988907227672958,NaN,NaN,NaN,NaN,NaN,NaN
20241016,20241115,0.856056113429468,20241021,20241220,0.98893381183325,NaN,NaN,NaN,NaN,NaN,NaN
20241120,20241220,0.856379027925564,20241118,20250117,0.98913728128735,NaN,NaN,NaN,NaN,NaN,NaN
20241218,20250117,0.856918568862614,20241223,20250221,0.989663941070288,NaN,NaN,NaN,NaN,NaN,NaN
