date_30,rf_gross_TTM30,date_60,rf_gross_TTM60,date_90,rf_gross_TTM90,date_180,rf_gross_TTM180
19960118,1.00436017100331,19960116,1.00896361176261,19960122,1.01319538541796,19960325,1.026916824633
19960215,1.00413703238066,19960220,1.00858929073644,19960220,1.01268140981219,19960624,1.02866652335642
19960321,1.00423490141038,19960319,1.00875153113199,19960325,1.01311176723966,19960923,1.02915893612387
19960418,1.0042195011763,19960423,1.00877306248649,19960422,1.01323664128453,19961223,1.02790932692034
19960523,1.00421249638178,19960521,1.00881326129769,19960520,1.0133066465213,19970324,1.02928549036725
19960620,1.00425659516555,19960618,1.00894334017265,19960624,1.01369374067323,19970623,1.02905198778249
19960718,1.00422568442087,19960723,1.00899086172816,19960722,1.01368401945313,19970922,1.02879415136101
19960822,1.00419896373288,19960820,1.0088569922796,19960819,1.01342649956162,19971222,1.02901506792519
19960919,1.00424575358903,19960917,1.00900825689834,19960923,1.01392989476249,19980323,1.02830476183169
19961017,1.00417546076527,19961022,1.0088235768581,19961021,1.01337576600116,19980622,1.02849227892132
19961121,1.00418249098819,19961119,1.00877870709373,19961125,1.01323128444612,19980921,1.02640023717011
19961219,1.00432571824211,19961224,1.00924027870252,19961223,1.01368665342136,19981221,1.02496589176181
19970123,1.00421580357537,19970121,1.00888549096367,19970120,1.01345224367176,19990322,1.02519359636335
19970220,1.00418249021785,19970218,1.00877134296551,19970324,1.01407923322328,19990621,1.02697297435092
19970320,1.00431899796626,19970318,1.00900322095425,19970421,1.01421237637421,19990726,1.02774406759398
19970417,1.00441121219242,19970422,1.00934830264474,19970519,1.01422492234729,19990920,1.02919208472432
19970522,1.00441818803258,19970520,1.00936074934344,19970623,1.01402716269554,19991220,1.030757540476
19970619,1.00441087460694,19970617,1.00923924363649,19970721,1.01389916131204,20000320,1.03245229799581
19970717,1.00439649229564,19970722,1.00918574152271,19970825,1.01395621945158,20000619,1.03426004863353
19970821,1.00437675396768,19970819,1.00915684232483,19970922,1.01390211053231,20000918,1.03338189926356
19970918,1.00439322938176,19970923,1.00923181622864,19971020,1.01407675836067,20001218,1.03099220558393
19971023,1.00440198574212,19971021,1.00929459530417,19971124,1.01405869067732,20010326,1.02279570222575
19971120,1.0044264630746,19971118,1.00929785599383,19971222,1.01413417413089,20010625,1.01845095735004
19971218,1.00456432853996,19971223,1.00944005945775,19980120,1.01343256581198,20010917,1.01410033778089
19980122,1.00434697136396,19980120,1.00905011691449,19980323,1.01374931639812,20011224,1.01020600359657
19980219,1.00436961609384,19980217,1.00906298127494,19980420,1.01378761076819,20020325,1.01252009722882
19980319,1.00439775227647,19980317,1.00913482845815,19980526,1.01366316445268,20020624,1.01012457821408
19980416,1.00439283385358,19980421,1.00915624859518,19980622,1.01376942415533,20020923,1.00846224400255
19980521,1.00438039644978,19980519,1.00917212769335,19980720,1.01376933516344,20021223,1.00691617868547
19980618,1.00439254023065,19980623,1.00916613506694,19980824,1.01372573411568,20030324,1.00627926581682
19980723,1.00439195258689,19980721,1.00914409192709,19980921,1.0132088213397,20030623,1.00479301566971
19980820,1.00438603225037,19980818,1.00912155751005,19981019,1.01211147448102,20030922,1.00584580957019
19980917,1.00435492670879,19980922,1.00889090347708,19981123,1.01232917025062,20031222,1.0061245299366
19981022,1.00406499934923,19981020,1.00825623367948,19981221,1.01244041789546,20040322,1.00571651982127
19981119,1.00390918037715,19981117,1.00840570130081,19990119,1.01187012517892,20040621,1.00971378518759
19981217,1.00419354112455,19981222,1.00847153011214,19990222,1.01212706070873,20040920,1.01062276311724
19990121,1.00383555218083,19990119,1.00799831341753,19990322,1.01210433957186,20041220,1.01389989576627
19990218,1.00383196654715,19990216,1.00803033997139,19990419,1.01206697329258,20050321,1.01686822997428
19990318,1.00381628896708,19990323,1.00802790313062,19990524,1.01226663457702,20050620,1.01839268839614
19990422,1.00379947750952,19990420,1.00799389744616,19990621,1.012670723598,20050919,1.02025706347971
19990520,1.00382064455251,19990518,1.00806886916282,19990719,1.01284029837594,20051219,1.02333400956877
19990617,1.00387077271521,19990622,1.00836706299217,19990823,1.01353238837379,20060320,1.02504011661625
19990722,1.00400758008178,19990720,1.00846141977867,19990920,1.01397982209508,20060619,1.02764950768915
19990819,1.00412873193565,19990817,1.00871156650037,19991025,1.01439067097708,20060918,1.02697075462459
19990916,1.00417970289462,19990921,1.00914751324418,19991122,1.01410538214781,20061218,1.02655057642711
19991021,1.00420628236159,19991019,1.00936416660622,19991220,1.01481719568173,20070326,1.02626168244502
19991118,1.004343388939,19991123,1.00941884347893,20000124,1.01452099346427,20070625,1.02655991723141
19991223,1.00534958425295,19991221,1.00988865593658,20000222,1.01484145951773,20070924,1.02423321989918
20000120,1.0044760099517,20000118,1.0096255676474,20000320,1.01532343751076,20071224,1.02207454469565
20000217,1.00456267401298,20000222,1.00966734736867,20000424,1.01560249837074,20080324,1.01200778947426
20000323,1.00460077461064,20000321,1.01005998811811,20000522,1.0165517889028,20080623,1.01537899341338
20000420,1.00477731712698,20000418,1.01013383305746,20000619,1.01646708089115,20080922,1.01599980051573
20000518,1.00512968747279,20000523,1.01092740617184,20000724,1.01628863419358,20081222,1.00557796364591
20000622,1.00521741302149,20000620,1.01088033776466,20000821,1.01613376290782,20090323,1.0055895043473
20000720,1.00514816218437,20000718,1.01082940882776,20000918,1.01627652604345,20090622,1.00364525093176
20000817,1.00513707997201,20000822,1.0106977347854,20001023,1.0161943454814,20090921,1.00210877513144
20000921,1.00515851148547,20000919,1.01080386046778,20001120,1.01612871691046,20091221,1.00176493771243
20001019,1.00514227911621,20001017,1.01075581664385,20001218,1.01553082334196,20100322,1.00190041350509
20001116,1.00514075973112,20001121,1.01077019305482,20010122,1.0133010831315,20100621,1.00305478925473
20001221,1.00519935340912,20001219,1.01049421853423,20010220,1.01264829681403,20100920,1.00180877185099
20010118,1.00457771742905,20010116,1.00932010964122,20010319,1.01164369303957,20101220,1.00193131331857
20010215,1.00434013768201,20010220,1.00866523743497,20010423,1.01034355758519,20110321,1.00173649083692
20010322,1.00394078628453,20010320,1.00787385911893,20010521,1.00981595100976,20110620,1.00174244533158
20010419,1.00352535795213,20010417,1.00786157436726,20010625,1.00893022156476,20110919,1.00207302198937
20010517,1.00317888894631,20010522,1.00654107894564,20010723,1.0089143865134,20111219,1.00298030723268
20010621,1.00298577058768,20010619,1.00611329368396,20010820,1.0085225573594,20120326,1.00216253095384
20010719,1.002965172703,20010724,1.00597184448525,20010924,1.00631237114206,20120521,1.00241716945971
20010823,1.00278389492716,20010821,1.00566162722327,20011022,1.00565073349002,20120625,1.00206158692368
20010920,1.00206343583367,20010918,1.00471467747377,20011119,1.00509266737691,20120917,1.00150347765456
20011018,1.00193825576767,20011023,1.00380438296383,20011217,1.00467384623301,20121224,1.00152258496975
20011123,1.0015829753598,20011120,1.00337140946066,20020122,1.00438882656824,20130325,1.00154765883558
20011220,1.00147660898354,20011218,1.00307563116357,20020219,1.00466024253673,20130624,1.00160449401739
20020117,1.00136292161181,20020115,1.00280148248229,20020325,1.005317865126,20130722,1.00140245063366
20020214,1.00143744579834,20020219,1.00307014719959,20020422,1.00483589205859,20130923,1.00128884513621
20020321,1.00149140029317,20020319,1.0032490074453,20020520,1.00476823247649,20131223,1.00131715817644
20020418,1.00143940415462,20020423,1.00312883464832,20020624,1.00461061628637,20140324,1.00119542712463
20020523,1.00143263126449,20020521,1.00307183097222,20020722,1.00442101232919,20140623,1.00114407096687
20020620,1.00143357165682,20020618,1.00302231781585,20020819,1.0043078845757,20140721,1.00115069174105
20020718,1.00142489083928,20020723,1.00291964488329,20020923,1.00420161963139,20140922,1.00122191204647
20020822,1.0014072464488,20020820,1.00286917356232,20021021,1.00435113387151,20141222,1.00142255815893
20020919,1.00141299235899,20020917,1.00292918092099,20021125,1.00341992935022,20150323,1.00166615304981
20021017,1.00141911547218,20021022,1.00291890541579,20021223,1.00337982684333,20150622,1.00177475145458
20021121,1.001069083556,20021119,1.00224665222662,20030121,1.00315372818618,20150720,1.00198344873318
20021219,1.00107668509461,20021224,1.00225555590652,20030324,1.00308312119202,20150921,1.00192505504067
20030123,1.00104672883591,20030121,1.00216561335904,20030421,1.00314942385947,20151221,1.00331315610921
20030220,1.0010366024904,20030218,1.00210830063463,20030519,1.00292118886494,20160321,1.00341956283339
20030320,1.00097437401066,20030318,1.00203931461612,20030623,1.00236582780929,20160620,1.00338140169947
20030417,1.00102591050119,20030422,1.00211335525223,20030721,1.00266851357614,20160725,1.00397825041317
20030522,1.00102456368522,20030520,1.00197466851972,20030825,1.00280698471408,20160919,1.00424148099596
20030619,1.00082812995425,20030617,1.0017261308776,20030922,1.00279110714521,20161219,1.00510033655983
20030717,1.00085559083838,20030722,1.00177222346463,20031020,1.00284104440676,20170320,1.00616738990038
20030821,1.00086217899706,20030819,1.00181763703119,20031124,1.00283179771763,20170619,1.00660206936957
20030918,1.00086349992213,20030923,1.00184374122686,20031222,1.0028208766833,20170724,1.00677652313311
20031023,1.00086847139623,20031021,1.00185609982985,20040120,1.0027006470488,20170918,1.00700108885469
20031120,1.00086622694709,20031118,1.00184787614095,20040223,1.00273244260196,20171218,1.00852967165788
20031218,1.00087642382081,20031223,1.00186917624099,20040322,1.00268507546414,20180326,1.01120449082016
20040122,1.00085036818009,20040120,1.00179878430714,20040419,1.00286132078595,20180625,1.01199517754951
20040219,1.00084591690661,20040217,1.00179090866578,20040524,1.00343556922676,20180723,1.01214453251827
20040318,1.00084264645794,20040323,1.00177641335533,20040621,1.00396514535212,20180917,1.01256035039823
20040422,1.00085465465317,20040420,1.00184767323207,20040719,1.00407177245188,20181224,1.01342468583889
20040520,1.00085834813722,20040518,1.00203123068028,20040823,1.00449903245776,20190219,1.01280353304743
20040617,1.00098717174181,20040622,1.00244165284429,20040920,1.00483375837934,20190325,1.01251191787424
20040722,1.00111417993643,20040720,1.00258503886639,20041025,1.00519908048691,20190422,1.01269955310219
20040819,1.00124916967837,20040817,1.00277412231156,20041122,1.00588869929604,20190520,1.01219412597701
20040916,1.00140734010096,20040921,1.00313053312748,20041220,1.00631963291841,20190624,1.01015233379346
20041021,1.00149048207688,20041019,1.00329621511982,20050222,1.0070696850782,20190722,1.0105206361831
20041118,1.00166137845293,20041123,1.00378607529857,20050321,1.00759035783979,20190826,1.0093569892063
20041223,1.0018858526726,20041221,1.00407947347886,20050418,1.00775371825582,20190923,1.00963409398643
20050120,1.00194744770836,20050118,1.00428421243185,20050523,1.00820292134141,20191021,1.00886236331708
20050217,1.00202465755267,20050215,1.00446713087906,20050620,1.00851523718005,20191118,1.00865199995243
20050317,1.00221374141308,20050322,1.00489652089436,20050725,1.00909507117161,20191223,1.00883543452439
20050421,1.00234485092769,20050419,1.00503689697493,20050822,1.00948376752805,20200121,1.00837340180545
20050519,1.00240398605867,20050517,1.00522507294743,20050919,1.00960268516327,20200224,1.00737292181008
20050616,1.00252898927909,20050621,1.00555556994594,20051024,1.01035758872398,20200323,1.00304082095745
20050721,1.00267468870755,20050719,1.00579049062722,20051121,1.01073155113495,20200420,1.00246448343631
20050818,1.002801162061,20050823,1.00614900113701,20051219,1.01104313568354,20200526,1.00141761661541
20050922,1.00298125938766,20050920,1.00636429710434,20060123,1.01131265234523,20200622,1.00138674662009
20051020,1.00312828058763,20051018,1.00666234631705,20060221,1.01161442265073,20200720,1.00126320921098
20051117,1.00322697061883,20051122,1.00699838224631,20060320,1.01198869612977,20200824,1.00115163175159
20051222,1.00340984315534,20051220,1.00725099340988,20060424,1.01243887678361,20200921,1.00110553991166
20060119,1.00350004866892,20060117,1.00738488207006,20060522,1.01269076644372,20201019,1.00101196579475
20060216,1.00355834360842,20060221,1.00769371408865,20060619,1.01321878434915,20201123,1.00104033962168
20060323,1.0037511685258,20060321,1.00792971716067,20060724,1.01329971298676,20201221,1.00086514646908
20060420,1.00383929926667,20060418,1.00811011193382,20060821,1.01310285895439,20210119,1.00085074851741
20060518,1.00395015543211,20060523,1.0083712120227,20060918,1.01306779448837,20210222,1.00070904237507
20060622,1.00414148519431,20060620,1.00873055174246,20061023,1.01304507722474,20210322,1.00080751934658
20060720,1.0041893001664,20060718,1.00881651585218,20061120,1.01295634376734,20210419,1.00088639175839
20060817,1.00414027817814,20060822,1.00867629293832,20061218,1.01297344245139,20210524,1.00068087774101
20060921,1.00414525807733,20060919,1.00865963283432,20070122,1.01297729925303,20210621,1.00071345722267
20061019,1.00413702427954,20061017,1.00863249025803,20070220,1.01281931083465,20210726,1.00070621232406
20061116,1.00413656265722,20061121,1.00862860046229,20070319,1.01290876192157,20210823,1.00074446397389
20061221,1.00416138153885,20061219,1.0086381054235,20070423,1.01293932963458,20210920,1.00070874114528
20070118,1.00413637054755,20070116,1.00861363833106,20070521,1.01295557859587,20211018,1.00083692053884
20070215,1.00413775449925,20070220,1.00862244261517,20070625,1.0129514786401,20211122,1.00122170863763
20070322,1.0041384454288,20070320,1.00859930852873,20070723,1.01295526733984,20211220,1.00283336110483
20070419,1.00413838946665,20070417,1.00861155881584,20070820,1.01261229525145,20220118,1.00287354370713
20070517,1.00413776197567,20070522,1.00861776845643,20070924,1.01234455576112,20220222,1.00354245299549
20070621,1.00413878812893,20070619,1.0086197950254,20071022,1.0117132580828,20220321,1.00427614475582
20070719,1.00413845285117,20070724,1.00862104044541,20071119,1.01157628945162,20220425,1.00630867080423
20070823,1.0042687086532,20070821,1.00856718518469,20071224,1.01121462674029,20220523,1.00829477907419
20070920,1.00398345132437,20070918,1.00862311393555,20080122,1.00798353799539,20220621,1.00986834463172
20071018,1.00387872079607,20071023,1.00785929386627,20080219,1.00707552813475,20220725,1.01287839130207
20071123,1.0035924662443,20071120,1.00777494492254,20080324,1.00613860771285,20220822,1.0149858481097
20071220,1.0038340030795,20071218,1.00779939725198,20080421,1.00701776522718,20220919,1.01674887523492
20080117,1.00310529483492,20080122,1.00552638829113,20080519,1.00619920606053,20221024,1.01957485933886
20080221,1.00235256481111,20080219,1.0048708981839,20080623,1.0069500957782,20221121,1.02145555250869
20080320,1.00204529639846,20080318,1.00403225758832,20080721,1.00664931697559,20221219,1.02301479813967
20080417,1.00217638644626,20080422,1.00465526978872,20080825,1.00674012536379,20230123,1.02337811432613
20080522,1.00185580261389,20080520,1.00404381576768,20080922,1.00815961857244,20230221,1.0234775580919
20080619,1.00195765760487,20080617,1.0043573391698,20081020,1.00744396956471,20230320,1.0244176660839
20080717,1.00190902518467,20080722,1.00430353032281,20081124,1.00449195386353,20230424,1.02450998845119
20080821,1.00192204638415,20080819,1.00429074608642,20081222,1.00246595107188,20230522,1.02475672252006
20080918,1.00263005974388,20080923,1.00574142847565,20090120,1.00188236687584,20230620,1.02575391359737
20081023,1.00240306196895,20081021,1.00486185519669,20090217,1.00243005286376,20230724,1.02656736790405
20081120,1.00105765939887,20081118,1.00276238744569,20090323,1.00251594434002,20230821,1.02726738240697
20081218,1.00040623356868,20081223,1.00149703159911,20090420,1.00210086990716,20230918,1.02755191828539
20090122,1.00030230628808,20090120,1.00112278354475,20090526,1.00150559810033,20231023,1.0275273489438
20090219,1.00037622563183,20090217,1.00143156072222,20090622,1.00140924276535,20231120,1.0273255505335
20090319,1.00040560111609,20090317,1.00148345310513,20090720,1.00103908629606,20231226,1.02679985503717
20090416,1.00034290650503,20090421,1.0012662094407,20090824,1.0009139870659,20240122,1.02636732968902
20090521,1.00024328131413,20090519,1.00078677663416,20090921,1.00081213324168,20240220,1.02598279313137
20090618,1.00024756916074,20090623,1.00083480708346,20091019,1.00074459384194,20240325,1.02656321971401
20090723,1.00022286979069,20090721,1.00062672520416,20091123,1.00062903793266,20240422,1.02674495879673
20090820,1.00020915107452,20090818,1.00056632965363,20091221,1.00066120023042,20240520,1.02718949173288
20090917,1.00019135889582,20090922,1.00047488954431,20100119,1.00061853262616,20240624,1.02757027201299
20091022,1.00018934195032,20091020,1.00045294375667,20100222,1.00067444268749,20240722,1.02688904668329
20091119,1.00018286859788,20091117,1.00041074294627,20100322,1.00075280168194,20240826,1.02553219693983
20091217,1.00017995267302,20091222,1.00040604092699,20100419,1.00076193927279,20240923,1.02444877800672
20100121,1.00017777295042,20100119,1.00039839537124,20100524,1.00157939213256,20241021,1.02322006012203
20100218,1.00017801667597,20100216,1.00040631111692,20100621,1.00124424478369,20241118,1.02368278760314
20100318,1.00018593417,20100323,1.00045147388759,20100719,1.00108290180483,20241223,1.0240117206776
20100422,1.0002048290568,20100420,1.00048414384475,20100823,1.00073709077729,,
20100520,1.00026617130771,20100518,1.00074830722699,20100920,1.0007568351226,,
20100617,1.00026925576338,20100622,1.000754364239,20101025,1.0007310589212,,
20100722,1.00025567873503,20100720,1.00065470788407,20101122,1.00073970636768,,
20100819,1.00020614683438,20100817,1.00049534489406,20101220,1.00078031727789,,
20100916,1.00019960775459,20100921,1.00045238919146,20110118,1.00073934627614,,
20101021,1.0001992113742,20101019,1.00046632159275,20110222,1.00076566023441,,
20101118,1.00019736805533,20101123,1.00047479012531,20110321,1.00074120564766,,
20101223,1.00020298503703,20101221,1.00047971759521,20110418,1.00063820967564,,
20110120,1.00020239760292,20110118,1.00046951097326,20110523,1.00062569570117,,
20110217,1.00020495154216,20110215,1.00047426145029,20110620,1.00065654649694,,
20110317,1.00019610126241,20110322,1.0004641177711,20110725,1.00067767306367,,
20110421,1.00016360957437,20110419,1.00039794526646,20110822,1.00089359352346,,
20110519,1.00014924267531,20110517,1.00036521851323,20110919,1.00084162012802,,
20110616,1.00014294388674,20110621,1.00037277115114,20111024,1.0010244455183,,
20110721,1.00014340307028,20110719,1.00039225325249,20111121,1.0013309756267,,
20110818,1.00016276169872,20110823,1.00050080661618,20111219,1.00122506778794,,
20110922,1.00018075033337,20110920,1.00049127148991,20120123,1.00107994711673,,
20111020,1.00018656354876,20111018,1.00055125967018,20120221,1.00094181632975,,
20111117,1.00019392110164,20111122,1.00071617905008,20120319,1.00093458279344,,
20111222,1.00022438278649,20111220,1.00072206254843,20120423,1.00099658462868,,
20120119,1.00021141533137,20120117,1.00061509928468,20120521,1.00098863812641,,
20120216,1.00018950405408,20120221,1.00057544457715,20120625,1.00092667238248,,
20120322,1.00018637542054,20120320,1.0005776840774,20120723,1.00088639789455,,
20120419,1.0001853069864,20120417,1.00055102631581,20120820,1.00084771908897,,
20120517,1.0001828522932,20120522,1.0005800839077,20120924,1.00072732924951,,
20120621,1.00019020545663,20120619,1.0005686741834,20121022,1.00064379739522,,
20120719,1.00018943567218,20120724,1.00056225189478,20121119,1.00067871342727,,
20120823,1.00018035280956,20120821,1.0005240516076,20121217,1.00064219580442,,
20120920,1.00016738726796,20120918,1.00043795019862,20130122,1.00064412731203,,
20121018,1.00016182565642,20121023,1.00041158088557,20130219,1.00063469115512,,
20121123,1.00015545575812,20121120,1.00042364648309,20130325,1.00067392425406,,
20121220,1.00016312037117,20121218,1.00040706263026,20130422,1.00061937464916,,
20130117,1.00015704386596,20130115,1.00039064203807,20130520,1.00059959865496,,
20130214,1.000156904363,20130219,1.00040097829986,20130624,1.00066656373791,,
20130321,1.00015713902998,20130319,1.00040786251612,20130722,1.00060332476714,,
20130418,1.00015360822393,20130423,1.00039169070448,20130819,1.00059087862137,,
20130523,1.00014773863831,20130521,1.00037728976254,20130923,1.0005668719713,,
20130620,1.00014793359315,20130618,1.00036841279449,20131021,1.00053757691472,,
20130718,1.00014609409375,20130723,1.00037067977479,20131125,1.00052636530256,,
20130822,1.00014184721005,20130820,1.00036341493037,20131223,1.00056606501934,,
20130919,1.00013900852106,20130917,1.00034281550241,20140121,1.00051028384916,,
20131017,1.00013385414703,20131022,1.00032822682137,20140218,1.00049889384334,,
20131121,1.0001306949508,20131119,1.00032774457088,20140324,1.00052438590702,,
20131219,1.00013000724473,20131224,1.00035550675681,20140421,1.00049341093803,,
20140123,1.00012644333575,20140121,1.00032227642478,20140519,1.00047490963252,,
20140220,1.00012077816981,20140218,1.00030790048752,20140623,1.00050683759546,,
20140320,1.0001115620856,20140318,1.00031438620899,20140721,1.00050000108022,,
20140417,1.00011614620842,20140422,1.00030451911583,20140825,1.0005266674929,,
20140522,1.00011393733968,20140520,1.00029776656398,20140922,1.00051656462446,,
20140619,1.00011716898978,20140617,1.00030694691383,20141020,1.00050715148231,,
20140717,1.00011820841072,20140722,1.00031185695778,20141124,1.00052057805159,,
20140821,1.00011755044276,20140819,1.00031006007904,20141222,1.0005560555132,,
20140918,1.00011727328693,20140923,1.0003252913576,20150120,1.00054933410546,,
20141023,1.00011515731503,20141021,1.00030992483244,20150217,1.0006078075255,,
20141120,1.000118496116,20141118,1.00030869884864,20150323,1.00062205270966,,
20141218,1.0001252971093,20141222,1.00034530410766,20150420,1.00062221666443,,
20150121,1.00013263686203,20150120,1.00034266628572,20150526,1.00066037650447,,
20150218,1.00014126026494,20150217,1.00036646704811,20150622,1.00066913084455,,
20150318,1.00013965661213,20150316,1.00037133673899,20150720,1.00071440725134,,
20150415,1.00014403995227,20150420,1.00038385716606,20150824,1.00071997932986,,
20150520,1.00014655749975,20150518,1.00038162517688,20150921,1.00073351817281,,
20150617,1.00014951302018,20150622,1.0004072682938,20151019,1.00071711623395,,
20150722,1.00014863193015,20150720,1.00042028398538,20151123,1.00101638733529,,
20150819,1.00015998864653,20150817,1.00046167289039,20151221,1.00137327367634,,
20150916,1.00016974385691,20150921,1.00043653921149,20160119,1.00137981097674,,
20151021,1.00015517866714,20151020,1.0004294523182,20160222,1.00143726550368,,
20151119,1.00016332950119,20151116,1.00050079852642,20160321,1.00143314608331,,
20151216,1.000288648989,20151221,1.00085019160836,20160418,1.00142214251786,,
20160120,1.00034168471709,20160119,1.00085326606016,20160523,1.00163015324348,,
20160217,1.00034776103411,20160216,1.00084396378062,20160620,1.00145351784885,,
20160316,1.00035168603252,20160321,1.00088646501172,20160725,1.00174256450502,,
20160420,1.00035576441495,20160418,1.00089481123995,20160822,1.00184407225451,,
20160518,1.00035330094246,20160516,1.00087017185166,20160919,1.00184928592894,,
20160615,1.00035806589494,20160620,1.00091462261984,20161024,1.00197274135957,,
20160720,1.00039108625782,20160718,1.00096830658468,20161121,1.00203561096447,,
20160817,1.00040927055027,20160822,1.00113854641858,20161219,1.0022472022919,,
20160921,1.0004387748069,20160919,1.0011603491129,20170123,1.00238804753711,,
20161019,1.00042056316885,20161017,1.00112030371692,20170221,1.0024903409063,,
20161116,1.00044331806966,20161121,1.00126326279206,20170320,1.00274131522975,,
20161221,1.00060716080234,20161219,1.00143597861451,20170424,1.00284396268374,,
20170118,1.00062433378003,20170117,1.00145196296392,20170522,1.00286275890896,,
20170215,1.00062642164343,20170221,1.00157310407713,20170619,1.00309729711981,,
20170322,1.00079163339562,20170320,1.00177458076134,20170724,1.00316628170005,,
20170419,1.00079787454364,20170417,1.0017910166757,20170821,1.00315207255201,,
20170517,1.00080453815912,20170522,1.00186816611328,20170918,1.00322512179535,,
20170621,1.00097889709499,20170619,1.00206386635159,20171023,1.00337231731153,,
20170719,1.00098726192978,20170717,1.00207420047343,20171120,1.0035599633741,,
20170816,1.000987404901,20170821,1.00209500436162,20171218,1.00391316235761,,
20170920,1.00099454491021,20170918,1.00213093924559,20180122,1.00417414508336,,
20171018,1.00099691975064,20171016,1.00215885442824,20180220,1.00460185008845,,
20171115,1.00101762339075,20171120,1.00232782577461,20180319,1.00512834450563,,
20171220,1.00123069010453,20171218,1.00257976149081,20180423,1.00538259522225,,
20180117,1.0012485063181,20180116,1.00265814860537,20180521,1.00533389953751,,
20180214,1.00128239149122,20180220,1.00294595973994,20180625,1.00555644080211,,
20180321,1.00149296203399,20180319,1.00335567957133,20180723,1.00556541158962,,
20180418,1.0015234472905,20180416,1.0034366468217,20180820,1.00550376194928,,
20180516,1.00154636126215,20180521,1.00350179397598,20180924,1.00585823331191,,
20180620,1.00167481668609,20180618,1.00362440257716,20181022,1.00617168091928,,
20180718,1.00167123948334,20180723,1.00366238626257,20181119,1.00625917773702,,
20180822,1.00165682506747,20180820,1.00361690133572,20181217,1.00646003854413,,
20180919,1.00174705398239,20180917,1.00374793697003,20190118,1.00651934896091,,
20181017,1.00183334109619,20181022,1.00402617478479,20190219,1.00614871597867,,
20181121,1.00186490377508,20181119,1.00411850835925,20190325,1.00616339454599,,
20181219,1.00199004460527,20181217,1.00427748475327,20190422,1.00617577919799,,
20190116,1.00201747834899,20190114,1.00426071503429,20190520,1.0060034555706,,
20190213,1.00200769176462,20190219,1.00403809211571,20190624,1.0052986294311,,
20190319,1.00199821553052,20190318,1.00419449367553,20190722,1.00531677959694,,
20190417,1.00200002690571,20190422,1.00415287210856,20190819,1.00494371438478,,
20190522,1.00196030895991,20190520,1.0040636129616,20190923,1.00490479611559,,
20190619,1.00191629848405,20190617,1.00385840058116,20191021,1.00451065558331,,
20190717,1.00185592700414,20190722,1.00366315804192,20191125,1.0044105500667,,
20190821,1.00174099492464,20190819,1.00343086994634,20191223,1.00438228337078,,
20190918,1.00164308931184,20190916,1.0034272085787,20200121,1.0040874168223,,
20191016,1.00151065815874,20191021,1.00304621013187,20200218,1.00391976990121,,
20191120,1.00137556235814,20191118,1.00295469658903,20200323,1.00190264886602,,
20191218,1.00140455670547,20191223,1.002974892527,20200420,1.00146028386335,,
20200122,1.00132747873774,20200121,1.00273846705913,20200526,1.00065427768997,,
20200219,1.00131899407723,20200218,1.00265903666891,20200622,1.00063938927018,,
20200318,1.00062530752818,20200316,1.00100424174824,20200720,1.00055495023792,,
20200415,1.00058594461937,20200420,1.00107349979474,20200824,1.00050253190299,,
20200520,1.00013211459427,20200518,1.00040658796991,20200921,1.00049810088778,,
20200617,1.00015017188993,20200622,1.00040969590539,20201019,1.00048289339339,,
20200722,1.00013818523946,20200720,1.00035305522205,20201123,1.00050425612027,,
20200819,1.00013066301316,20200817,1.00031707192008,20201221,1.00042281095232,,
20200916,1.00011917419776,20200921,1.00030905620694,20210119,1.00040620369482,,
20201021,1.00011642829877,20201019,1.00030096211791,20210222,1.00033764312266,,
20201118,1.00011633033434,20201116,1.00031263166732,20210322,1.00036482188005,,
20201216,1.00012334566581,20201221,1.00028306757611,20210419,1.00039620748237,,
20210120,1.00010219307016,20210119,1.00026247760834,20210524,1.00030430035748,,
20210217,1.00008947148805,20210216,1.00021498290982,20210621,1.00030355382048,,
20210317,1.0000873691635,20210322,1.00023227972227,20210719,1.00028307847011,,
20210421,1.00008856050051,20210419,1.00024873364063,20210823,1.00029726034923,,
20210519,1.00007528889982,20210517,1.0002010316108,20210920,1.00029995841004,,
20210616,1.00006580618776,20210621,1.00019411844716,20211025,1.00035863221097,,
20210721,1.00007207591143,20210719,1.00017829287859,20211122,1.00045429466253,,
20210818,1.00007236525699,20210816,1.00017439278743,20211220,1.0013360523132,,
20210915,1.00006740324589,20210920,1.00017710539364,20220114,1.00129691931098,,
20211020,1.00006985200412,20211018,1.00020201296351,20220222,1.00135423860391,,
20211117,1.00007422163328,20211122,1.00028915993871,20220321,1.00152441032564,,
20211222,1.00045213682278,20211220,1.00089999235211,20220418,1.00192453262469,,
20220119,1.00039485580901,20220118,1.00081958541189,20220523,1.00297604625032,,
20220216,1.00037209873074,20220214,1.00079953159393,20220621,1.00359906442907,,
20220315,1.00037313978153,20220321,1.00090853276106,20220725,1.00527427540964,,
20220420,1.00044993564411,20220418,1.00109979496796,20220822,1.0065492997165,,
20220518,1.00069129123309,20220516,1.00163040894865,20220919,1.00733249303257,,
20220615,1.00087745032628,20220621,1.00214817765282,20221024,1.00855714616644,,
20220720,1.00141887929917,20220718,1.00306891099446,20221121,1.0093773573347,,
20220817,1.00192452123348,20220822,1.00425656705187,20221219,1.01032020142956,,
20220921,1.00225917718457,20220919,1.00476893028572,20230123,1.01051494817019,,
20221019,1.00256592642897,20221017,1.00541955250638,20230221,1.01048826983192,,
20221116,1.00277474964705,20221121,1.00609076206816,20230320,1.01103554188219,,
20221221,1.00321601261876,20221219,1.00676874565392,20230424,1.01138634124247,,
20230118,1.00326993923066,20230117,1.00680657147628,20230522,1.011589224469,,
20230215,1.00329678196015,20230221,1.00684279897038,20230620,1.01185226602523,,
20230322,1.00344675323987,20230320,1.00725691799263,20230724,1.01226738092191,,
20230419,1.00360911387129,20230417,1.00750054607676,20230821,1.01264290133835,,
20230517,1.00370772783028,20230522,1.00771786551511,20230918,1.01278835718092,,
20230621,1.00380744882145,20230620,1.00781580804913,20231023,1.01285851989131,,
20230719,1.00388461819674,20230717,1.00810954183213,20231120,1.01283904767785,,
20230816,1.00401555818464,20230821,1.00839721332855,20231218,1.01294175821015,,
20230920,1.00408237081705,20230918,1.00850047416616,20240122,1.01287235426986,,
20231018,1.00412964056802,20231016,1.00856534606812,20240220,1.01255786079939,,
20231115,1.00412646053575,20231120,1.00857381031929,20240325,1.01281272101313,,
20231220,1.00423229073319,20231218,1.00868791867981,20240422,1.01275863163083,,
20240117,1.00428645980566,20240116,1.00859846112513,20240520,1.01295670764079,,
20240214,1.00421277338352,20240220,1.00844490253471,20240624,1.01321205465699,,
20240320,1.00422261919878,20240318,1.00864231323148,20240722,1.01288492944241,,
20240417,1.00417897117103,20240422,1.00857178886123,20240819,1.01265631605314,,
20240522,1.00423181659122,20240520,1.00870201445686,20240923,1.01224052305932,,
20240620,1.00420595648708,20240617,1.00891165820791,20241021,1.01156950653246,,
20240717,1.0042405789785,20240722,1.00866847792562,20241125,1.01163667397456,,
20240821,1.00421209802865,20240819,1.00858332293206,20241223,1.01168286508287,,
20240918,1.00418114333492,20240916,1.00847749738307,,,,
20241016,1.00391583977028,20241021,1.00787477932396,,,,
20241120,1.00388615558533,20241118,1.00788957281605,,,,
20241218,1.0038928550777,20241223,1.00790464463235,,,,
